ts,magnitudes,longitude,latitude,,
2024/3/3 23:47:57.599,2.1,78.513,40.979,,
2024/3/3 22:55:44.786,2.2,83.754,41.574,,
2024/3/3 18:6:57.727,3.6,78.577,41.082,,
2024/3/3 17:24:24.854,4.3,78.481,41.013,, 
2024/3/3 17:20:53.583,2.6,78.603,41.126,,
2024/3/3 12:26:16.02,2.2,78.472,41.108,,
2024/3/3 6:26:10.786,1.9,76.72,36.43,,
2024/3/3 5:15:46.357,2.1,75.938,39.825,,
2024/3/3 3:22:39.42,2.6,78.386,40.967,,
2024/3/3 0:38:26.683,2.6,83.83,40.703,,
2024/3/3 0:35:24.809,2.8,78.711,41.279,,
2024/3/3 0:16:5.065,2.6,77.964,40.725,,
2024/3/2 18:33:12.628,2.2,78.788,41.257,,
2024/3/2 18:29:17.362,2.4,78.812,41.25,,
2024/3/2 18:18:35.038,1.9,88.097,42.466,,
2024/3/2 16:18:30.205,2.5,78.485,41.111,,
2024/3/2 15:57:39.933,3,76.461,40.321,,
2024/3/2 13:12:45.527,2.6,83.777,41.425,,
2024/3/2 11:2:34.112,2.2,78.769,41.355,,
2024/3/2 10:6:0.091,2.4,79.999,36.048,,
2024/3/2 8:38:46.984,3.5,78.788,41.32,,
2024/3/2 4:31:2.809,2.1,78.887,41.328,,
2024/3/2 4:7:52.469,1.9,83.066,42.707,,
2024/3/1 23:20:42.21,2.5,78.737,41.259,,
2024/3/1 18:6:13.402,2.4,78.522,41.11,,
2024/3/1 15:45:55.841,1.9,83.977,41.423,,
2024/3/1 13:38:46.934,2.5,74.582,38.299,,
2024/3/1 12:44:37.711,2,78.819,41.268,,
2024/3/1 9:37:44.406,1.9,77.071,39.496,,
2024/3/1 9:22:24.405,2,78.857,41.254,,
2024/3/1 6:18:52.484,2.6,77.027,39.949,,
2024/3/1 5:3:39.505,2.3,78.739,41.178,,
2024/3/1 4:46:34.378,3.2,77.65,40.456,,
2024/3/1 4:8:28.316,1.9,78.475,41.164,,
2024/3/1 3:30:59.097,2,78.637,41.174,,
2024/3/1 2:42:47.241,2.2,78.519,41.1,,
2024/3/1 2:38:5.705,2.6,78.467,41.154,,
2024/3/1 0:49:45.694,1.9,77.063,36.326,,
2024/2/29 22:56:49.63,2.2,78.755,41.124,,
2024/2/29 21:30:29.426,3,78.624,41.257,,
2024/2/29 21:29:24.415,2.6,78.589,41.174,,
2024/2/29 21:15:50.765,2.4,83.741,41.409,,
2024/2/29 20:15:18.732,2.1,78.79,41.344,,
2024/2/29 16:35:19.641,2.1,75.439,38.564,,
2024/2/29 11:47:49.097,3.9,78.885,41.283,,
2024/2/29 7:10:34.794,2.2,77.016,36.782,,
2024/2/29 6:50:15.352,2.1,80.764,44.605,,
2024/2/29 5:37:43.041,2,78.763,41.289,,
2024/2/29 5:27:9.13,3.1,83.695,41.212,,
2024/2/29 1:46:3.275,2.2,78.601,41.17,,
2024/2/29 0:11:18.226,3,78.519,41.025,,
2024/2/29 0:9:51.578,2.2,84.186,43.628,,
2024/2/28 23:49:9.372,1.9,79.965,36.558,,
2024/2/28 22:36:51.826,2.4,75.743,37.974,,
2024/2/28 21:30:36.565,2,78.793,41.224,,
2024/2/28 20:59:53.469,2.3,79.185,36.497,,
2024/2/28 18:21:20.821,3.6,83.763,41.214,,
2024/2/28 18:14:45.301,3.6,83.755,41.2,,
2024/2/28 17:56:45.599,1.9,78.425,40.996,,
2024/2/28 15:44:42.403,2,78.509,41.035,,
2024/2/28 14:17:6.2,2.4,78.52,41.032,,
2024/2/28 14:6:16.242,2.6,83.802,41.472,,
2024/2/28 13:52:36.915,3.1,78.549,41.213,,
2024/2/28 10:31:49.545,2.3,78.706,41.265,,
2024/2/28 10:30:34.332,2.7,78.509,41.159,,
2024/2/28 7:24:40.719,2.3,83.87,41.401,,
2024/2/28 6:38:47.44,2.2,78.567,41.08,,
2024/2/28 6:19:16.96,3.1,78.53,41.121,,
2024/2/28 6:2:58.321,2.3,78.527,40.994,,
2024/2/28 3:30:28.899,2,84.03,40.984,,
2024/2/28 2:57:40.015,1.9,78.636,41.169,,
2024/2/28 2:44:28.743,3.1,78.623,41.107,,
2024/2/28 1:40:8.314,2.8,78.557,41.199,,
2024/2/28 1:36:10.019,2,77.72,40.228,,
2024/2/28 1:27:56.778,1.9,78.322,41.305,,
2024/2/28 0:40:41.876,2.4,78.496,41.025,,
2024/2/28 0:27:9.15,2,75.788,40.255,,
2024/2/27 23:47:34.631,2.5,84.014,41.248,,
2024/2/27 22:17:57.354,4,78.476,41.1,,
2024/2/27 19:36:23.936,1.8,78.778,41.351,,
2024/2/27 19:10:18.426,2.6,75.811,40.145,,
2024/2/27 17:11:3.337,1.9,81.039,36.71,,
2024/2/27 17:3:28.329,2.5,78.435,40.923,,
2024/2/27 16:54:56.142,1.9,78.609,41.095,,
2024/2/27 13:27:38.248,2.6,83.546,41.351,,
2024/2/27 13:12:7.51,2.8,75.628,39.819,,
2024/2/27 12:45:46.316,2.9,75.615,39.796,,
2024/2/27 11:40:59.568,1.9,78.575,41.235,,
2024/2/27 11:12:7.415,1.9,78.754,41.177,,
2024/2/27 9:13:39.16,2.1,78.795,41.273,,
2024/2/27 6:13:33.756,2,79.879,35.868,,
2024/2/27 5:29:58.326,2.8,75.127,39.147,,
2024/2/27 4:57:58.797,1.9,83.871,41.19,,
2024/2/27 4:32:30.225,1.9,78.745,41.164,,
2024/2/27 4:19:22.894,2,83.759,41.21,,
2024/2/27 4:14:27.92,2.1,83.747,41.213,,
2024/2/27 3:0:41.821,2.2,80.609,35.776,,
2024/2/27 2:28:32.396,2.4,79.576,40.237,,
2024/2/27 1:55:56.845,3.8,78.79,41.159,,
2024/2/27 1:42:0.436,1.9,78.732,41.206,,
2024/2/27 1:39:48.545,2.2,78.46,41.121,,
2024/2/27 1:20:53.368,3.2,83.732,41.162,,
2024/2/26 22:20:25.219,3.7,78.435,41.13,,
2024/2/26 22:5:50.192,1.9,78.593,41.16,,
2024/2/26 21:11:20.204,2.1,78.598,41.215,,
2024/2/26 21:2:48.883,1.9,85.536,42.925,,
2024/2/26 17:33:57.236,3.2,77.136,36.892,,
2024/2/26 13:53:23.221,2.1,78.413,41.128,,
2024/2/26 13:27:48.25,2.3,78.435,41.103,,
2024/2/26 13:18:27.933,2.2,78.359,40.985,,
2024/2/26 12:2:0.14,3.7,77.202,36.679,,
2024/2/26 9:28:45.088,4.3,78.469,41.121,,
2024/2/26 6:54:32.281,2.2,78.461,41.089,,
2024/2/26 5:41:9.06,2.3,78.42,41.14,,
2024/2/26 3:13:20.647,2.2,83.724,41.926,,
2024/2/26 2:42:20.397,2.6,83.913,41.249,,
2024/2/26 2:36:52.613,2.7,81.467,44.214,,
2024/2/26 0:14:9.492,2.2,79.455,40.322,,
2024/2/25 23:5:53.271,2.8,83.794,41.367,,
2024/2/25 21:18:23.267,2.4,78.403,41.127,,
2024/2/25 20:56:14.557,2.1,76.858,39.464,,
2024/2/25 19:50:25.556,2.8,78.477,41.124,,
2024/2/25 18:58:25.578,2,78.412,41.124,,
2024/2/25 18:44:13.844,2.4,78.421,41.122,,
2024/2/25 18:41:37.008,2.4,77.719,40.256,,
2024/2/25 17:18:26.532,1.9,78.515,41.065,,
2024/2/25 16:58:56.999,2.4,83.522,41.369,,
2024/2/25 16:3:57.467,2.5,78.596,41.122,,
2024/2/25 15:22:22.849,2,78.376,41.118,,
2024/2/25 15:18:37.274,1.9,78.529,40.966,,
2024/2/25 15:14:44.855,2.6,83.697,41.356,,
2024/2/25 14:58:45.362,2.6,78.465,41.088,,
2024/2/25 14:55:47.819,2.1,78.437,41.147,,
2024/2/25 14:28:58.309,2.1,78.428,41.133,,
2024/2/25 13:36:35.966,3.1,78.468,41.132,,
2024/2/25 13:28:58.545,2.7,78.326,35.973,,
2024/2/25 12:59:11.787,2.4,78.43,41.119,,
2024/2/25 12:57:14.419,2.9,78.467,41.085,,
2024/2/25 12:54:14.232,2,78.431,41.15,,
2024/2/25 12:48:47.252,2.6,78.452,41.091,,
2024/2/25 12:41:31.504,1.9,78.476,41.08,,
2024/2/25 12:35:20.909,2.1,78.414,41.156,,
2024/2/25 12:29:23.646,3,78.791,41.309,,
2024/2/25 12:14:52.806,5.7,78.473,41.111,,
2024/2/25 10:7:1.871,1.9,85.857,42.591,,
2024/2/25 9:26:37.701,3.1,78.751,41.282,,
2024/2/25 8:7:26.442,2,78.796,41.324,,
2024/2/25 5:19:22.077,1.9,88.385,43.101,,
2024/2/25 3:52:14.037,2.5,83.711,41.313,,
2024/2/25 3:40:58.952,1.9,90.174,43.299,,
2024/2/25 2:42:14.549,2.5,83.847,41.31,,
2024/2/24 22:53:30.687,2.3,75.828,37.876,,
2024/2/24 20:8:21.696,2.6,75.201,39.454,,
2024/2/24 18:49:49.35,3.6,75.134,38.991,,
2024/2/24 16:57:24.922,2,82.91,36.19,,
2024/2/24 11:42:20.514,2.1,78.516,41.01,,
2024/2/24 6:58:47.082,5.2,78.596,41.086,,
2024/2/24 2:2:50.106,2.6,78.623,41.152,,
2024/2/24 1:15:58.93,2,78.661,41.085,,
2024/2/24 0:4:48.497,2.2,77.268,40.354,,
2024/2/23 21:1:14.366,2.6,78.028,37.624,,
2024/2/23 19:21:31.466,2.4,78.312,40.941,,
2024/2/23 18:51:41.136,3,78.619,41.125,,
2024/2/23 18:36:41.572,2.2,78.876,41.302,,
2024/2/23 18:33:0.007,4.5,78.574,41.175,,
2024/2/23 18:25:14.302,1.9,78.627,41.176,,
2024/2/23 18:2:28.281,2.2,80.503,36.402,,
2024/2/23 17:15:41.111,3,78.483,41.012,,
2024/2/23 17:13:24.968,2.6,77.951,37.645,,
2024/2/23 16:36:46.152,2.2,83.18,37.7,,
2024/2/23 16:6:5.333,2.4,83.804,41.404,,
2024/2/23 15:42:39.07,2.1,80.555,42.164,,
2024/2/23 13:58:32.581,2.1,87.412,42.19,,
2024/2/23 12:8:26.252,4.6,78.721,41.226,,
2024/2/23 11:37:45.732,1.9,79.421,40.547,,
2024/2/23 9:16:44.942,3.2,78.631,41.121,,
2024/2/23 8:55:13.188,2,78.574,41.086,,
2024/2/23 8:30:54.185,2.3,83.979,41.174,,
2024/2/23 8:28:44.886,2.3,83.983,41.29,,
2024/2/23 8:10:6.194,2.3,78.641,41.122,,
2024/2/23 7:48:56.574,2,78.532,41.138,,
2024/2/23 7:32:2.869,2.7,78.617,41.066,,
2024/2/23 4:58:57.771,2.2,78.722,41.25,,
2024/2/23 4:7:16.794,2.2,78.568,41.127,,
2024/2/23 2:56:40.228,1.9,78.673,41.271,,
2024/2/23 2:30:43.417,2.1,88.477,42.315,,
2024/2/23 1:0:29.776,1.9,83.351,46.731,,
2024/2/22 23:52:5.235,2.2,84.097,40.925,,
2024/2/22 23:46:13.783,2,83.655,41.575,,
2024/2/22 23:3:12.733,1.9,78.605,41.061,,
2024/2/22 22:48:56.584,2.5,83.895,41.119,,
2024/2/22 22:33:57.568,1.9,78.922,41.369,,
2024/2/22 19:8:34.185,3.7,78.813,41.31,,
2024/2/22 17:5:17.799,2.2,78.465,41.236,,
2024/2/22 16:39:59.614,3.5,78.8,41.315,,
2024/2/22 15:59:11.951,3.4,78.534,41.218,,
2024/2/22 13:32:47.817,2.4,79.493,36.108,,
2024/2/22 12:12:53.596,2,83.763,41.215,,
2024/2/22 11:3:35.591,2.2,87.589,41.57,,
2024/2/22 9:58:30.898,2.8,78.726,41.304,,
2024/2/22 7:57:49.482,2.7,76.683,36.037,,
2024/2/22 4:10:24.492,2.5,78.497,41.006,,
2024/2/22 2:26:41.464,4.4,78.749,41.238,,
2024/2/22 1:20:10.798,2.3,89.327,38.986,,
2024/2/22 0:37:52.564,2.4,84.866,45.439,,
2024/2/21 23:0:40.627,2.2,78.343,41.103,,
2024/2/21 22:39:14.61,1.9,94.458,42.911,,
2024/2/21 21:35:9.202,2.7,83.954,41.214,,
2024/2/21 20:26:20.957,2.3,83.765,41.392,,
2024/2/21 18:50:13.876,2.1,89.201,44.26,,
2024/2/21 18:22:42.173,2.3,77.916,36.01,,
2024/2/21 15:3:48.607,4.1,77.682,40.446,,
2024/2/21 14:51:44.332,1.9,82.711,43.962,,
2024/2/21 14:29:31.591,3,82.721,43.95,,
2024/2/21 13:2:40.769,2.1,84.272,43.531,,
2024/2/21 12:58:1.711,2.6,78.66,41.139,,
2024/2/21 10:47:43.207,2.5,87.079,42.512,,
2024/2/21 9:44:12.38,2.5,89.283,44.791,,
2024/2/21 9:34:22.783,3.1,78.617,41.055,,
2024/2/21 8:52:53.911,2,78.877,41.367,,
2024/2/21 7:18:46.649,1.9,78.837,41.295,,
2024/2/21 6:9:34.467,3.2,78.886,37.247,,
2024/2/21 4:42:8.787,1.9,78.401,40.944,,
2024/2/21 2:4:2.269,2.2,78.921,41.367,,
2024/2/21 0:17:14.765,2,85.052,42.466,,
2024/2/20 23:36:33.433,1.9,78.682,41.262,,
2024/2/20 23:31:41.239,2,78.657,41.076,,
2024/2/20 21:26:18.339,1.9,78.701,41.259,,
2024/2/20 21:25:6.074,2.5,78.715,41.243,,
2024/2/20 21:8:46.099,2.3,83.19,44.531,,
2024/2/20 20:51:25.576,2.2,87.615,43.214,,
2024/2/20 18:58:35.95,2.6,83.925,41.848,,
2024/2/20 18:57:57.298,5,94.406,42.939,,
2024/2/20 18:56:35.056,2,78.901,41.356,,
2024/2/20 18:35:56.25,1.9,85.423,42.544,,
2024/2/20 18:31:46.476,2.1,78.742,36.728,,
2024/2/20 18:25:6.197,1.9,86.088,43.621,,
2024/2/20 17:8:34.257,3.3,83.975,41.935,,
2024/2/20 15:54:13.017,2.9,84.324,40.924,,
2024/2/20 14:30:35.126,2.3,78.947,41.357,,
2024/2/20 13:38:4.845,2.3,83.84,41.976,,
2024/2/20 13:30:9.911,2.3,78.773,41.17,,
2024/2/20 12:11:8.683,2.6,78.713,41.261,,
2024/2/20 12:7:31.746,2.7,88.359,48.329,,
2024/2/20 8:16:56.209,1.9,78.749,41.147,,
2024/2/20 6:3:46.564,2.5,77.837,40.703,,
2024/2/20 5:47:5.979,2,79.082,40.958,,
2024/2/20 2:28:24.96,1.8,78.743,41.064,,
2024/2/20 2:26:53.612,2.1,78.658,41.104,,
2024/2/20 1:35:48.945,1.9,83.989,41.26,,
2024/2/20 1:8:41.062,2.4,84.101,41.238,,
2024/2/20 0:34:45.83,2.1,78.523,40.968,,
2024/2/19 22:38:28.555,1.9,78.725,41.308,,
2024/2/19 22:36:8.121,3,78.714,41.313,,
2024/2/19 21:55:31.752,3,77.717,40.25,,
2024/2/19 21:9:0.693,2.1,78.891,41.298,,
2024/2/19 20:14:42.725,2.1,78.818,41.304,,
2024/2/19 17:49:26.914,1.9,77.335,40.411,,
2024/2/19 17:10:39.649,1.9,78.9,41.38,,
2024/2/19 16:13:49.126,2,78.607,41.26,,
2024/2/19 15:21:24.815,2.5,78.795,41.295,,
2024/2/19 15:1:7.68,2.5,78.817,41.304,,
2024/2/19 14:47:33.887,1.9,78.681,41.124,,
2024/2/19 14:32:9.99,2.4,77.845,40.115,,
2024/2/19 12:7:39.945,2.4,78.513,41.186,,
2024/2/19 11:8:2.582,4.5,83.959,41.957,,
2024/2/19 10:43:8.916,2.1,78.934,41.375,,
2024/2/19 10:29:9.747,1.9,78.643,41.117,,
2024/2/19 8:3:13.325,1.9,76.698,36.022,,
2024/2/19 6:13:3.232,3.2,78.65,41.166,,
2024/2/19 5:43:1.431,2,78.454,40.99,,
2024/2/19 4:50:51.019,2.4,76.962,36.802,,
2024/2/19 4:19:17.158,2.2,78.714,41.259,,
2024/2/19 3:46:0.094,2.4,76.685,36.123,,
2024/2/19 3:8:35.002,2,83.97,41.701,,
2024/2/19 2:26:44.505,2.5,76.781,36.168,,
2024/2/19 1:55:42.228,2.7,76.783,36.604,,
2024/2/19 0:49:48.54,3.7,78.635,41.075,,
2024/2/18 23:47:28.748,1.9,78.416,41.029,,
2024/2/18 19:4:5.837,2.7,83.289,41.316,,
2024/2/18 18:43:18.266,1.9,78.656,41.128,,
2024/2/18 18:22:41.522,2.4,84.008,41.858,,
2024/2/18 18:22:28.639,2.8,78.944,41.358,,
2024/2/18 18:5:1.45,2,78.527,41.018,,
2024/2/18 16:59:13.684,4.2,78.969,41.331,,
2024/2/18 16:24:15.835,2.2,81.889,41.384,,
2024/2/18 14:35:55,2.2,78.65,41.143,,
2024/2/18 13:54:58.122,2.2,75.169,38.024,,
2024/2/18 13:35:34.651,2.1,78.694,41.355,,
2024/2/18 12:26:21.156,2.7,78.522,40.959,,
2024/2/18 9:57:1.185,2,76.906,39.489,,
2024/2/18 9:11:20.99,2.3,83.89,41.809,,
2024/2/18 8:9:0.803,2.6,83.961,41.193,,
2024/2/18 6:31:0.491,2.6,78.742,41.323,,
2024/2/18 5:37:44.498,2.2,78.487,40.995,,
2024/2/18 5:11:6.093,3,75.303,39.836,,
2024/2/18 4:44:18.471,1.9,78.927,41.433,,
2024/2/18 4:19:50.961,2.4,84.071,41.208,,
2024/2/18 2:35:43.641,2.7,83.785,41.103,,
2024/2/18 0:38:6.325,2.6,78.544,40.94,,
2024/2/17 23:38:4.373,3.3,78.517,40.972,,
2024/2/17 22:1:40.505,2.5,78.692,41.385,,
2024/2/17 20:24:38.507,2,78.594,41.168,,
2024/2/17 20:18:14.613,2,78.771,41.397,,
2024/2/17 15:49:32.158,3.6,78.819,41.302,,
2024/2/17 12:50:0.131,2.3,78.681,41.258,,
2024/2/17 7:41:8.221,2.2,86.796,43.661,,
2024/2/17 7:14:6.1,1.9,78.976,41.455,,
2024/2/17 6:41:47.564,3.1,78.523,40.966,,
2024/2/17 6:20:19.616,2.4,84.526,44.09,,
2024/2/17 3:17:35.633,2.6,84.095,41.309,,
2024/2/17 2:58:0.516,2.8,78.349,41.146,,
2024/2/17 2:40:15.793,2.2,79.181,39.866,,
2024/2/17 0:27:41.419,2,78.494,41.031,,
2024/2/16 22:1:18.519,2.4,78.675,41.267,,
2024/2/16 21:15:53.249,3,84.185,40.758,,
2024/2/16 20:21:44.05,2.5,78.448,41.231,,
2024/2/16 18:53:15.402,2.1,84.196,40.837,,
2024/2/16 18:41:40.77,2.2,83.88,36.48,,
2024/2/16 17:12:48.425,1.9,83.01,44.134,,
2024/2/16 15:5:37.422,2.1,78.876,41.323,,
2024/2/16 14:52:16.782,2.9,83.142,40.182,,
2024/2/16 12:33:43.821,2.2,78.906,40.811,,
2024/2/16 11:14:17.461,2,76.932,39.507,,
2024/2/16 10:33:16.314,2.1,78.852,41.169,,
2024/2/16 9:47:41.968,2,78.795,41.149,,
2024/2/16 8:20:20.298,2.8,85.705,40.899,,
2024/2/16 7:30:20.453,2.6,78.529,41.008,,
2024/2/16 6:18:2.462,2.2,78.441,41.116,,
2024/2/16 5:49:18.973,3,92.568,44.859,,
2024/2/16 4:33:20.416,2,78.523,41.015,,
2024/2/16 4:30:33.635,1.9,77.002,39.62,,
2024/2/16 3:1:4.321,2.3,83.956,41.306,,
2024/2/16 2:58:15.075,2.8,78.457,40.992,,
2024/2/16 1:14:12.843,2.8,75.235,38.924,,
2024/2/15 23:58:46.29,2.3,78.922,41.376,,
2024/2/15 22:8:51.184,2.1,84.002,41.289,,
2024/2/15 20:17:41.037,3.7,78.816,41.261,,
2024/2/15 16:37:10.884,2.2,78.696,41.049,,
2024/2/15 15:30:53.771,2.2,78.483,40.97,,
2024/2/15 15:2:44.671,2,83.441,41.673,,
2024/2/15 13:14:21.499,2.1,78.503,40.947,,
2024/2/15 12:55:41.194,1.9,78.485,40.966,,
2024/2/15 12:37:51.408,1.9,78.434,41.004,,
2024/2/15 12:32:51.689,3.9,78.457,40.991,,
2024/2/15 11:57:29.863,3.1,85.402,42.281,,
2024/2/15 11:52:34.119,5.1,78.822,41.227,,
2024/2/15 11:41:24.576,4.2,78.552,41.025,,
2024/2/15 10:55:5.944,1.9,79.543,39.472,,
2024/2/15 10:2:15.302,2.1,78.373,40.95,,
2024/2/15 8:49:30.512,2.2,77.082,37.873,,
2024/2/15 8:39:49.782,2.5,81.347,35.56,,
2024/2/15 8:30:30.985,1.9,74.996,38.701,,
2024/2/15 8:27:4.304,3.1,84.239,40.907,,
2024/2/15 7:57:18.38,3.6,84.233,40.841,,
2024/2/15 7:49:46.832,2.2,78.788,41.33,,
2024/2/15 4:18:19.281,1.9,83.038,42.701,,
2024/2/15 4:4:32.763,2.7,83.685,41.233,,
2024/2/15 3:28:49.225,1.9,78.592,40.991,,
2024/2/15 2:53:15.096,3.2,78.755,41.238,,
2024/2/15 1:12:38.982,2.1,81.087,44.389,,
2024/2/15 1:6:14.136,2.1,78.86,41.346,,
2024/2/14 22:26:0.678,2.2,75.646,39.823,,
2024/2/14 20:51:4.305,2.3,78.51,40.991,,
2024/2/14 17:40:5.08,2.4,78.833,41.332,,
2024/2/14 16:37:11.772,3.1,78.701,41.192,,
2024/2/14 16:18:43.09,2.4,78.486,41.098,,
2024/2/14 12:29:39.312,2.6,77.65,39.642,,
2024/2/14 11:33:56.779,2,77.744,39.992,,
2024/2/14 10:46:42.956,3.3,83.833,41.389,,
2024/2/14 9:50:7.405,3,78.474,41.112,,
2024/2/14 9:37:59.642,2.2,78.778,41.332,,
2024/2/14 9:16:33.915,3.2,77.674,40.606,,
2024/2/14 6:58:56.077,2,83.841,41.152,,
2024/2/14 5:7:5.087,1.9,78.542,41.025,,
2024/2/14 4:17:40.51,3.3,80.942,42.071,,
2024/2/14 4:6:3.083,3.7,78.537,41.013,,
2024/2/14 3:10:20.768,4.4,77.65,39.643,,
2024/2/14 2:39:58.375,2,78.521,41.012,,
2024/2/13 22:20:40.381,2.3,78.815,41.3,,
2024/2/13 22:8:54.55,2.9,78.385,41.034,,
2024/2/13 22:7:34.721,2.6,78.891,41.346,,
2024/2/13 17:50:22.233,2,82.3,41.822,,
2024/2/13 17:20:3.518,3.3,83.944,44.217,,
2024/2/13 14:57:45.327,2.5,78.548,41.038,,
2024/2/13 11:17:1.901,2.8,78.659,41.172,,
2024/2/13 10:37:16.202,3,81.976,39.986,,
2024/2/13 10:30:49.123,2,78.605,41.054,,
2024/2/13 9:44:37.459,2.3,78.866,41.235,,
2024/2/13 9:38:51.313,2.8,78.617,41.084,,
2024/2/13 7:27:14.069,1.8,78.726,41.259,,
2024/2/13 5:8:59.773,2.2,78.136,36.026,,
2024/2/13 3:10:40.295,2,78.752,41.299,,
2024/2/13 2:57:7.739,2.2,83.563,41.354,,
2024/2/13 1:29:37.376,2.1,78.502,40.99,,
2024/2/13 0:57:13.748,2.3,78.8,41.286,,
2024/2/13 0:42:15.944,2.2,78.705,41.254,,
2024/2/12 23:52:49.047,4.3,78.722,41.249,,
2024/2/12 23:49:51.688,2.6,78.741,41.237,,
2024/2/12 21:46:42.914,2,79.416,40.546,,
2024/2/12 21:24:10.61,1.9,80.394,35.735,,
2024/2/12 17:52:6.546,2.5,78.661,41.176,,
2024/2/12 17:47:20.084,3.1,78.657,41.146,,
2024/2/12 17:28:37.292,3.5,83.421,41.152,,
2024/2/12 16:32:53.791,2.8,78.471,41.107,,
2024/2/12 16:10:49.895,1.9,88.203,43.101,,
2024/2/12 15:37:33.254,1.9,78.849,37.17,,
2024/2/12 12:57:1.829,2,78.607,41.099,,
2024/2/12 12:20:25.915,2.7,83.418,40.503,,
2024/2/12 11:24:14.419,2.1,78.593,41.075,,
2024/2/12 10:51:37.141,2.7,78.484,40.946,,
2024/2/12 10:17:53.28,2,78.79,41.331,,
2024/2/12 9:39:4.309,2.7,78.457,40.991,,
2024/2/12 7:50:44.851,2.4,83.89,36.57,,
2024/2/12 7:14:57.236,2,78.86,41.353,,
2024/2/12 6:49:20.873,2.2,78.642,41.079,,
2024/2/12 6:28:56.624,2,78.928,41.41,,
2024/2/12 5:45:32.907,2.2,78.695,41.099,,
2024/2/12 4:33:35.893,3.2,78.593,41.066,,
2024/2/12 3:49:10.251,2.2,78.802,41.196,,
2024/2/12 3:10:39.204,2.1,78.582,41.097,,
2024/2/12 2:41:32.331,3.6,78.51,40.998,,
2024/2/12 2:1:22.086,1.9,87.263,42.429,,
2024/2/12 0:54:54.427,2,83.567,41.993,,
2024/2/12 0:48:55.764,2.7,78.617,41.146,,
2024/2/12 0:48:51.397,2,90.147,46.102,,
2024/2/12 0:2:4.608,2,81.011,42.206,,
2024/2/11 23:56:25.8,2.6,78.646,41.091,,
2024/2/11 22:29:20.722,1.9,78.801,41.272,,
2024/2/11 22:22:55.292,2.4,78.632,41.16,,
2024/2/11 22:2:2.63,1.9,83.503,41.904,,
2024/2/11 20:22:5.74,3.6,78.743,41.152,,
2024/2/11 17:18:16.854,2.4,83.749,40.983,,
2024/2/11 16:49:42.148,2,78.649,41.142,,
2024/2/11 15:13:35.971,2.5,78.624,41.188,,
2024/2/11 15:11:6.545,2.3,78.642,41.163,,
2024/2/11 14:16:58.797,2,78.624,41.176,,
2024/2/11 13:46:2.377,2,81.28,44.259,,
2024/2/11 13:24:39.889,3.7,83.033,40.018,,
2024/2/11 13:19:37.507,2,78.669,41.123,,
2024/2/11 13:13:20.32,2.4,78.659,41.149,,
2024/2/11 12:57:2.201,4.9,78.662,41.146,,
2024/2/11 12:25:50.905,2,78.8,41.261,,
2024/2/11 11:34:53.304,1.9,78.709,41.244,,
2024/2/11 11:3:33.69,3.9,78.655,41.165,,
2024/2/11 11:1:16.119,2.9,78.656,41.173,,
2024/2/11 10:53:14.468,3.2,78.548,41.032,,
2024/2/11 9:13:58.545,2.6,87.696,44.176,,
2024/2/11 7:57:22.164,2.5,83.739,41.198,,
2024/2/11 7:52:53.129,2.3,78.609,41.085,,
2024/2/11 6:47:52.266,1.9,78.809,41.26,,
2024/2/11 6:5:10.611,2.1,84.348,45.513,,
2024/2/11 5:0:26.58,1.9,75.766,40.087,,
2024/2/11 4:24:35.575,2.2,78.679,41.075,,
2024/2/11 4:4:18.759,2.2,78.741,41.179,,
2024/2/11 3:55:11.26,2.1,87.743,44.217,,
2024/2/11 3:50:39.983,2.1,87.72,44.22,,
2024/2/11 2:4:43.12,2.2,85.24,38.032,,
2024/2/11 2:2:52.526,3.1,85.247,38.125,,
2024/2/11 1:55:14.641,1.9,78.824,41.303,,
2024/2/10 23:59:27.632,2.1,78.379,40.824,,
2024/2/10 23:56:5.866,2.2,77.219,36.451,,
2024/2/10 23:8:58.824,2.8,78.361,40.976,,
2024/2/10 19:37:51.335,1.9,83.14,46.818,,
2024/2/10 17:36:3.598,3.4,77.034,36.37,,
2024/2/10 14:0:18.194,2.5,83.826,40.259,,
2024/2/10 12:51:16.078,2,78.783,41.406,,
2024/2/10 12:14:7.012,1.9,78.65,41.134,,
2024/2/10 10:50:21.46,2.4,78.653,41.145,,
2024/2/10 10:8:57.75,2.6,84.73,43.402,,
2024/2/10 9:43:42.04,2.1,89.276,44.752,,
2024/2/10 9:8:29.63,2,88.707,43.239,,
2024/2/10 8:41:1.186,3.4,78.797,41.188,,
2024/2/10 8:29:37.898,3,78.496,40.992,,
2024/2/10 7:8:10.461,3,78.789,41.1,,
2024/2/10 5:50:44.792,1.9,78.485,41.008,,
2024/2/10 4:11:51.189,1.9,78.784,41.348,,
2024/2/10 4:10:58.754,2,78.775,41.302,,
2024/2/10 1:53:8.522,2.4,78.414,41.13,,
2024/2/9 23:28:6.345,2.7,78.68,41.135,,
2024/2/9 23:20:6.664,2.4,83.898,41.171,,
2024/2/9 23:14:17.854,2,78.66,41.147,,
2024/2/9 19:20:54.311,2.5,83.598,41.368,,
2024/2/9 18:44:26.241,2.1,78.927,41.344,,
2024/2/9 18:26:25.574,2.7,78.798,41.218,,
2024/2/9 17:53:3.091,1.9,78.387,40.822,,
2024/2/9 17:48:50.987,2.2,78.395,40.812,,
2024/2/9 16:36:37.474,2.8,78.791,41.374,,
2024/2/9 16:33:13.363,2.6,77.411,40.383,,
2024/2/9 12:56:47.405,3.5,78.6,41.13,,
2024/2/9 12:51:19.959,3.3,78.608,41.147,,
2024/2/9 11:37:11.659,2,83.894,41.342,,
2024/2/9 10:33:10.012,2.5,78.915,41.14,,
2024/2/9 10:26:48.742,2.4,78.817,41.29,,
2024/2/9 10:22:22.966,3.2,78.886,41.359,,
2024/2/9 9:49:52.929,3.2,76.858,39.472,,
2024/2/9 9:48:20.219,2.5,76.855,39.474,,
2024/2/9 9:40:42.147,2,78.657,41.151,,
2024/2/9 8:13:34.753,2.1,78.603,41.158,,
2024/2/9 7:9:19.06,2.2,78.53,41,,
2024/2/9 4:18:6.802,1.9,78.448,40.994,,
2024/2/9 3:5:54.925,2,77.823,40.181,,
2024/2/9 1:40:55.8,2.7,83.977,40.994,,
2024/2/9 0:13:8.288,2.5,76.451,38.48,,
2024/2/9 0:5:38.205,2.4,78.433,40.992,,
2024/2/8 23:46:58.654,2.4,78.764,41.316,,
2024/2/8 23:38:38.327,2.3,78.361,40.986,,
2024/2/8 23:5:35.832,1.9,78.727,41.26,,
2024/2/8 22:50:51.09,2.7,83.072,42.626,,
2024/2/8 22:45:15.684,2,82.592,41.794,,
2024/2/8 21:15:7.924,2,78.845,41.313,,
2024/2/8 20:30:2.223,1.9,78.665,41.061,,
2024/2/8 19:48:52.09,2.5,78.788,41.339,,
2024/2/8 18:19:9.504,3.7,78.456,40.992,,
2024/2/8 14:14:35.047,3.4,77.741,40.717,,
2024/2/8 13:25:47.716,1.9,79.186,40.912,,
2024/2/8 12:56:17.34,2.2,78.62,41.041,,
2024/2/8 11:17:37.647,3.6,78.518,41.078,,
2024/2/8 11:14:46.877,2.7,78.661,41.072,,
2024/2/8 10:54:54.198,3.5,78.45,40.991,,
2024/2/8 10:35:33.305,2.7,78.833,41.319,,
2024/2/8 10:25:24.596,2.4,78.838,41.201,,
2024/2/8 7:28:32.364,2,78.755,41.325,,
2024/2/8 7:22:20.8,2,77.902,41.052,,
2024/2/8 7:7:24.035,2.4,78.455,41.082,,
2024/2/8 6:41:37.828,2.2,77.878,40.997,,
2024/2/8 5:58:42.149,2.5,83.045,42.698,,
2024/2/8 5:20:0.544,1.9,78.573,41.168,,
2024/2/8 5:6:18.484,2.1,78.37,40.987,,
2024/2/8 4:30:40.794,2.1,78.513,41.053,,
2024/2/8 3:29:47.041,2.3,83.183,44.398,,
2024/2/8 2:8:59.096,2,78.71,41.286,,
2024/2/8 1:37:1.494,2.7,89.558,44.81,,
2024/2/7 22:50:5.995,2.2,78.793,41.328,,
2024/2/7 22:49:5.585,2.6,87.288,36.916,,
2024/2/7 22:43:58.049,2.2,78.619,41.052,,
2024/2/7 22:23:8.945,2.2,78.95,41.347,,
2024/2/7 21:21:40.48,2.5,78.646,41.11,,
2024/2/7 21:6:2.79,2.4,78.754,41.312,,
2024/2/7 21:2:15.075,1.9,78.571,41.105,,
2024/2/7 20:26:31.086,2,76.995,36.8,,
2024/2/7 20:8:16.398,2,78.378,40.719,,
2024/2/7 19:24:32.177,3.2,78.888,41.313,,
2024/2/7 19:16:25.437,2.7,78.482,41.051,,
2024/2/7 16:55:14.414,4.5,78.463,41.076,,
2024/2/7 16:0:22.229,2,78.795,41.287,,
2024/2/7 15:29:13.465,2,78.613,41.138,,
2024/2/7 13:46:11.586,3,83.816,41.201,,
2024/2/7 10:52:28.858,1.9,78.556,41.022,,
2024/2/7 10:12:36.273,2.2,78.749,41.158,,
2024/2/7 9:31:29.18,2,75.81,39.992,,
2024/2/7 9:27:4.631,3.4,78.527,41.036,,
2024/2/7 8:59:6.953,2.4,78.639,41.132,,
2024/2/7 8:16:23.557,2.1,77.748,40.537,,
2024/2/7 8:9:5.924,2.9,78.506,40.956,,
2024/2/7 7:58:50.714,2.6,78.773,41.351,,
2024/2/7 7:53:32.505,2.6,78.604,41.091,,
2024/2/7 4:34:9.391,2.1,78.502,40.99,,
2024/2/7 3:50:38.304,1.9,79.022,41.329,,
2024/2/7 2:34:9.288,2,76.608,40.418,,
2024/2/7 1:2:35.656,3.2,78.619,41.056,,
2024/2/7 0:7:3.133,3.4,78.519,41.011,,
2024/2/6 23:1:57.062,2.8,78.517,40.951,,
2024/2/6 21:29:32.336,2.2,78.591,41.078,,
2024/2/6 21:16:48.375,1.9,78.974,41.354,,
2024/2/6 21:9:30.093,3.4,78.644,41.122,,
2024/2/6 19:3:8.059,2,78.918,41.445,,
2024/2/6 18:53:55.948,2.2,78.885,41.334,,
2024/2/6 18:46:5.345,2.2,78.666,41.066,,
2024/2/6 18:19:48.29,3,78.804,41.085,,
2024/2/6 18:3:47.032,2.1,78.81,41.123,,
2024/2/6 17:53:53.778,2.3,87.963,42.512,,
2024/2/6 17:51:45.966,2.4,78.452,41.095,,
2024/2/6 15:50:22.584,1.9,79.372,36.748,,
2024/2/6 15:46:28.436,2.8,78.581,41.087,,
2024/2/6 15:11:17.121,2.7,78.756,41.251,,
2024/2/6 14:50:19.431,2.4,78.687,41.08,,
2024/2/6 14:40:46.868,2.9,78.964,41.333,,
2024/2/6 13:58:49.857,3.1,83.081,42.693,,
2024/2/6 10:18:19.014,2.2,78.698,41.239,,
2024/2/6 10:3:18.71,1.9,78.675,41.11,,
2024/2/6 9:49:21.897,3.4,78.565,41.057,,
2024/2/6 9:47:19.9,2.1,89.275,44.064,,
2024/2/6 9:44:45.372,3.3,78.954,41.358,,
2024/2/6 9:27:8.154,2,78.526,40.987,,
2024/2/6 8:7:22.966,2.3,78.791,41.222,,
2024/2/6 7:23:39.744,2.5,78.632,41.179,,
2024/2/6 7:10:3.597,2.5,78.412,41.121,,
2024/2/6 6:58:48.638,3.3,87.138,36.91,,
2024/2/6 5:56:22.693,2.5,76.849,39.467,,
2024/2/6 4:20:0.464,3.2,78.503,41.033,,
2024/2/6 4:15:56.806,3.5,78.617,41.105,,
2024/2/6 3:57:35.874,1.9,84.046,43.82,,
2024/2/6 3:49:58.266,3.4,84.627,42.358,,
2024/2/6 3:16:26.082,2.5,89.476,44.58,,
2024/2/6 2:15:52.432,2.1,78.604,41.163,,
2024/2/6 1:7:9.991,2.1,78.585,41.132,,
2024/2/6 0:27:47.615,2.8,82.206,45.471,,
2024/2/6 0:2:35.109,2.3,78.841,41.331,,
2024/2/5 23:35:25.815,2.1,87.918,42.1,,
2024/2/5 23:35:37.923,1.9,78.529,40.966,,
2024/2/5 23:29:16.655,2.9,77.458,40.574,,
2024/2/5 23:2:18.404,1.9,78.545,41.083,,
2024/2/5 22:56:40.451,2,78.614,41.153,,
2024/2/5 22:9:19.838,2.1,87.925,42.475,,
2024/2/5 21:10:19.252,2,78.861,41.392,,
2024/2/5 20:24:30.414,1.9,78.851,41.277,,
2024/2/5 20:18:7.96,2.4,78.76,41.098,,
2024/2/5 19:27:47.774,1.9,78.889,41.373,,
2024/2/5 19:1:27.699,2.1,78.912,41.384,,
2024/2/5 18:23:32.952,1.8,78.85,41.341,,
2024/2/5 18:17:33.362,1.8,78.751,41.339,,
2024/2/5 17:9:45.377,1.9,78.766,41.272,,
2024/2/5 17:7:6.041,2.1,78.844,41.313,,
2024/2/5 15:22:37.106,2,78.663,41.031,,
2024/2/5 14:32:2.893,1.9,84.016,40.902,,
2024/2/5 14:16:29.616,2.3,78.758,41.316,,
2024/2/5 13:39:40.174,2.5,78.501,40.95,,
2024/2/5 11:58:21.375,3.1,78.661,41.112,,
2024/2/5 11:51:3.704,2.2,78.613,41.083,,
2024/2/5 11:18:9.424,3.3,78.788,41.285,,
2024/2/5 11:7:14.987,2.2,78.638,41.209,,
2024/2/5 10:24:7.246,2.3,78.756,41.253,,
2024/2/5 10:6:27.79,1.9,78.768,41.176,,
2024/2/5 9:30:27.632,1.9,76.856,39.466,,
2024/2/5 8:15:46.954,2,78.82,41.165,,
2024/2/5 7:26:54.334,2.6,78.931,41.272,,
2024/2/5 6:15:42.327,2.2,78.583,41.088,,
2024/2/5 5:36:2.019,2.1,84.186,41.328,,
2024/2/5 5:11:46.406,2.7,78.693,41.17,,
2024/2/5 4:36:20.305,1.9,76.868,39.464,,
2024/2/5 3:22:31.392,3.4,76.857,39.47,,
2024/2/5 1:51:12.543,2,76.838,39.467,,
2024/2/5 1:42:49.962,2,78.768,41.348,,
2024/2/5 1:39:5.763,2.2,76.839,39.465,,
2024/2/5 1:27:19.669,3.5,76.831,39.455,,
2024/2/5 1:8:23.653,1.9,76.811,39.429,,
2024/2/4 23:27:23.723,2,79.492,41.441,,
2024/2/4 23:14:5.974,2.5,78.924,41.381,,
2024/2/4 23:12:36.363,1.9,78.815,41.302,,
2024/2/4 22:54:42.006,2,76.842,39.467,,
2024/2/4 22:50:32.23,2.1,78.813,41.356,,
2024/2/4 22:41:14.772,1.9,78.672,41.122,,
2024/2/4 22:34:56.349,2.2,78.473,41.035,,
2024/2/4 22:12:27.768,2.4,76.846,39.468,,
2024/2/4 21:58:47.135,2.9,76.833,39.476,,
2024/2/4 21:33:43.759,2,76.862,39.462,,
2024/2/4 21:24:26.826,2.3,76.796,39.471,,
2024/2/4 21:23:23.618,2.7,76.852,39.464,,
2024/2/4 20:31:15.405,2.1,78.811,41.298,,
2024/2/4 20:0:53.75,2.9,78.833,41.355,,
2024/2/4 15:46:47.214,2.1,78.769,41.355,,
2024/2/4 15:28:0.176,2.4,78.611,41.13,,
2024/2/4 15:18:22.49,3.1,83.134,42.693,,
2024/2/4 14:52:39.113,2.5,78.724,41.255,,
2024/2/4 14:47:19.239,2.5,78.826,41.155,,
2024/2/4 14:20:5.345,2,78.569,41.102,,
2024/2/4 13:42:23.915,2.4,75.821,38.999,,
2024/2/4 12:52:22.671,2.5,78.579,41.075,,
2024/2/4 12:31:36.676,2,78.727,41.3,,
2024/2/4 12:16:1.955,1.9,78.698,41.279,,
2024/2/4 12:9:56.509,2.6,78.633,41.129,,
2024/2/4 11:58:25.996,1.9,77.825,39.822,,
2024/2/4 11:9:15.277,2.7,78.205,36.053,,
2024/2/4 10:16:5.875,2.5,78.797,41.327,,
2024/2/4 9:58:57.093,1.9,78.643,41.123,,
2024/2/4 9:26:57.984,2.1,75.851,38.935,,
2024/2/4 9:23:9.943,2,78.679,41.027,,
2024/2/4 8:39:45.945,1.9,78.575,41.227,,
2024/2/4 8:28:29.376,2.1,77.809,40.125,,
2024/2/4 7:15:17.804,2.1,77.689,40.518,,
2024/2/4 7:2:14.662,2.1,78.523,41.014,,
2024/2/4 6:53:18.127,2.2,78.74,41.373,,
2024/2/4 6:34:10.238,2.4,75.821,40.144,,
2024/2/4 5:42:10.952,2,78.506,41.004,,
2024/2/4 5:5:41.927,2.7,78.636,41.169,,
2024/2/4 4:8:0.088,2,83.735,41.376,,
2024/2/4 3:43:51.911,3.4,78.728,41.214,,
2024/2/4 3:38:42.605,2,78.634,41.088,,
2024/2/4 3:24:25.268,2.3,89.412,38.934,,
2024/2/4 3:9:31.924,2.3,78.657,41.075,,
2024/2/4 2:15:33.642,2.2,78.624,41.127,,
2024/2/4 2:2:25.822,4.2,78.654,41.1,,
2024/2/4 1:38:54.485,1.9,78.618,41.097,,
2024/2/4 1:30:0.223,2.3,78.839,41.366,,
2024/2/4 1:27:46.716,2.7,83.786,43.319,,
2024/2/4 1:27:38.962,2,78.798,41.328,,
2024/2/4 1:26:12.578,2.3,78.921,41.3,,
2024/2/4 1:10:11.732,2.2,78.645,41.054,,
2024/2/3 22:28:55.282,3.2,78.657,41.141,,
2024/2/3 21:53:53.815,3.1,78.769,41.265,,
2024/2/3 21:26:14.537,4.2,78.682,41.08,,
2024/2/3 21:10:52.332,2.3,78.816,41.309,,
2024/2/3 21:8:49.045,2.5,78.92,41.386,,
2024/2/3 20:19:39.895,2.1,78.774,41.302,,
2024/2/3 18:58:7.444,2.2,78.682,41.349,,
2024/2/3 18:57:13.407,3,84.16,40.917,,
2024/2/3 18:30:18.375,2.5,78.746,41.286,,
2024/2/3 17:5:35.579,2.1,79.11,41.545,,
2024/2/3 16:45:17.728,1.9,79.214,41.515,,
2024/2/3 16:36:19.227,4.7,78.568,41.157,,
2024/2/3 15:58:38.727,3.1,78.741,41.234,,
2024/2/3 15:1:35.616,2,76.037,37.264,,
2024/2/3 14:35:59.812,2.5,78.778,41.338,,
2024/2/3 14:8:33.796,2.5,83.986,40.987,,
2024/2/3 13:27:43.068,2.2,77.741,40.266,,
2024/2/3 12:42:12.601,2,78.62,41.151,,
2024/2/3 10:36:30.566,2.2,80.998,41.731,,
2024/2/3 9:38:7.562,2.1,78.79,41.285,,
2024/2/3 8:47:44.272,2,87.858,43.632,,
2024/2/3 8:43:49.194,2.3,78.66,41.075,,
2024/2/3 8:2:33.375,1.9,78.558,41.111,,
2024/2/3 7:11:29.128,2.6,78.875,41.318,,
2024/2/3 6:10:2.083,2.9,78.496,41.004,,
2024/2/3 4:48:57.44,2.8,78.776,41.312,,
2024/2/3 4:13:4.273,2.6,78.773,41.305,,
2024/2/3 3:43:49.334,2,78.594,41.119,,
2024/2/3 1:24:46.316,2,78.724,41.22,,
2024/2/3 0:44:42.896,2.4,78.799,41.323,,
2024/2/2 22:16:5.903,2.4,78.632,41.124,,
2024/2/2 22:13:24.642,2.5,78.75,41.201,,
2024/2/2 22:4:26.327,2.7,78.606,41.201,,
2024/2/2 21:5:31.02,2,78.41,41.033,,
2024/2/2 20:46:24.499,2.5,78.763,41.326,,
2024/2/2 19:41:33.958,2.7,78.483,41.04,,
2024/2/2 19:19:58.038,2.3,78.796,41.333,,
2024/2/2 19:12:56.462,2,78.436,41.031,,
2024/2/2 18:48:52.076,2,78.614,41.148,,
2024/2/2 18:29:59.102,1.9,78.652,41.075,,
2024/2/2 18:26:1.022,2.7,78.5,40.999,,
2024/2/2 16:15:50.256,2.1,78.759,41.319,,
2024/2/2 14:15:19.636,2,78.468,41.122,,
2024/2/2 13:41:7.295,2.4,78.617,41.217,,
2024/2/2 13:36:7.247,2.4,78.929,41.387,,
2024/2/2 13:15:21.564,1.9,78.561,41.147,,
2024/2/2 13:9:57.324,1.9,78.657,41.087,,
2024/2/2 13:2:54,2.4,78.536,41.097,,
2024/2/2 12:50:35.31,2,78.507,41.071,,
2024/2/2 12:44:1.043,2.3,78.933,41.382,,
2024/2/2 12:40:34.423,3.1,78.649,41.111,,
2024/2/2 12:36:59.618,1.9,78.587,41.16,,
2024/2/2 12:29:37.614,2.6,78.571,41.013,,
2024/2/2 12:7:7.771,2.5,78.634,41.038,,
2024/2/2 11:53:59.915,2.1,78.521,41.135,,
2024/2/2 11:18:48.232,2.2,78.521,41.132,,
2024/2/2 10:32:33.938,2.3,88.103,42.091,,
2024/2/2 9:26:44.439,2.5,83.81,41.169,,
2024/2/2 9:8:44.074,2.1,78.632,41.117,,
2024/2/2 8:44:17.237,2.3,78.462,41.027,,
2024/2/2 7:12:34.159,2.5,78.756,41.307,,
2024/2/2 7:1:46.001,2.2,83.557,41.46,,
2024/2/2 5:55:37.035,2,78.802,41.319,,
2024/2/2 5:53:59.653,2.5,78.575,41.101,,
2024/2/2 5:40:28.042,3.2,78.659,41.115,,
2024/2/2 5:10:28.008,2.6,78.649,41.083,,
2024/2/2 4:46:15.09,1.8,80.601,44.677,,
2024/2/2 4:37:58.394,2.1,78.539,40.951,,
2024/2/2 3:38:3.395,2,78.526,41.022,,
2024/2/2 2:21:9.463,1.9,91.681,43.901,,
2024/2/2 1:11:24.488,2.6,78.756,41.102,,
2024/2/2 0:42:21.352,2.5,78.352,41.086,,
2024/2/2 0:31:20.567,2.6,78.939,41.376,,
2024/2/2 0:12:41.078,2,78.537,41.116,,
2024/2/1 22:3:5.028,2.1,78.578,41.116,,
2024/2/1 20:41:4.686,1.8,78.789,41.273,,
2024/2/1 20:10:11.442,1.9,78.962,41.396,,
2024/2/1 19:19:8.521,2.1,78.699,41.116,,
2024/2/1 19:2:48.249,2.5,78.616,41.084,,
2024/2/1 18:35:42.812,2.7,78.571,41.058,,
2024/2/1 18:10:34.573,2.3,78.576,41.038,,
2024/2/1 17:29:42.813,2.3,78.625,41.222,,
2024/2/1 17:13:0.235,2.4,78.675,41.077,,
2024/2/1 16:54:57.144,2.2,78.982,41.383,,
2024/2/1 15:47:11.048,2.6,78.68,40.993,,
2024/2/1 13:37:39.937,2,78.662,41.171,,
2024/2/1 13:30:6.937,2.4,78.808,41.296,,
2024/2/1 13:26:6.23,2,78.47,41.098,,
2024/2/1 12:44:43.803,2.1,83.147,42.691,,
2024/2/1 12:27:1.405,2.5,78.755,41.106,,
2024/2/1 12:17:41.228,2.9,78.653,41.195,,
2024/2/1 11:52:17.543,2,89.813,47.188,,
2024/2/1 11:31:41.741,1.9,78.614,41.069,,
2024/2/1 11:11:33.418,2,78.697,41.352,,
2024/2/1 10:34:10.656,3,78.802,41.209,,
2024/2/1 10:30:48.426,2.1,78.814,41.21,,
2024/2/1 10:21:37.208,3,77.159,36.697,,
2024/2/1 10:7:48.426,2.2,78.607,41.159,,
2024/2/1 9:58:21.962,2,94.272,43.107,,
2024/2/1 9:32:21.219,2.8,78.807,41.342,,
2024/2/1 9:11:11.62,2.7,78.788,41.082,,
2024/2/1 8:52:22.962,3.1,78.659,41.115,,
2024/2/1 5:49:44.464,2.5,78.463,41.213,,
2024/2/1 5:31:33.429,3.5,78.067,40.361,,
2024/2/1 5:30:44.013,1.9,78.783,41.322,,
2024/2/1 4:59:40.598,2,78.622,41.099,,
2024/2/1 4:14:13.16,2.4,83.906,41.126,,
2024/2/1 3:52:7.701,2.7,78.827,41.334,,
2024/2/1 3:21:10.118,4.4,78.748,41.295,,
2024/2/1 3:2:20.02,2.8,78.968,41.353,,
2024/2/1 2:55:0.196,2,78.856,41.299,,
2024/2/1 2:43:50.756,2.2,83.218,42.684,,
2024/2/1 1:32:30.718,2.1,78.713,41.278,,
2024/2/1 0:55:2.996,2,78.801,41.334,,
2024/1/31 23:54:46.074,2.2,78.572,41.23,,
2024/1/31 23:45:26.502,2.3,78.928,41.374,,
2024/1/31 23:42:19.73,2.9,78.624,41.188,,
2024/1/31 23:39:26.361,2.4,78.912,41.393,,
2024/1/31 23:19:4.45,2.6,78.412,40.991,,
2024/1/31 23:0:28.121,2,78.861,41.397,,
2024/1/31 22:17:31.202,3.1,75.433,39.932,,
2024/1/31 20:19:18.741,2.8,78.842,41.338,,
2024/1/31 20:3:15.349,2.4,78.662,41.057,,
2024/1/31 19:34:3.165,2,78.873,40.947,,
2024/1/31 19:33:36.751,1.8,78.729,41.305,,
2024/1/31 19:22:17.747,2.8,81.954,37.518,,
2024/1/31 19:12:25.572,1.9,78.772,41.172,,
2024/1/31 18:15:23.136,1.9,78.082,41.351,,
2024/1/31 17:40:48.015,1.9,78.718,41.2,,
2024/1/31 17:36:27.217,2.2,78.759,41.322,,
2024/1/31 17:32:36.789,1.9,78.388,41.014,,
2024/1/31 17:27:39.017,2.5,78.594,41.086,,
2024/1/31 17:21:51.346,2.3,78.637,41.081,,
2024/1/31 16:33:3.443,2.3,93.281,42.97,,
2024/1/31 16:25:59.47,2.3,78.5,41.077,,
2024/1/31 15:43:1.797,2.6,78.453,41.116,,
2024/1/31 15:27:17.629,2.3,78.526,41.104,,
2024/1/31 15:12:39.424,2.1,83.854,41.432,,
2024/1/31 14:39:27.214,1.9,83.69,36.57,,
2024/1/31 14:17:1.355,3,83.791,41.188,,
2024/1/31 13:49:34.275,2.3,78.665,41.39,,
2024/1/31 13:29:53.695,1.9,78.634,41.04,,
2024/1/31 13:19:55.448,2.2,78.641,41.133,,
2024/1/31 13:13:1.258,3.8,78.877,41.224,,
2024/1/31 12:25:8.497,1.9,77.946,40.928,,
2024/1/31 12:12:44.261,3.2,78.393,41.014,,
2024/1/31 11:16:31.754,2.1,78.663,41.156,,
2024/1/31 10:52:57.96,2.7,78.623,41.099,,
2024/1/31 10:34:54.915,1.9,78.628,41.091,,
2024/1/31 10:20:47.935,1.9,78.786,41.314,,
2024/1/31 10:15:4.018,2,78.799,41.297,,
2024/1/31 8:38:34.938,2.7,78.531,41.182,,
2024/1/31 8:25:23.024,2.1,78.779,41.291,,
2024/1/31 8:17:17.835,2.7,81.879,41.834,,
2024/1/31 8:9:41.143,2,78.738,41.306,,
2024/1/31 7:28:22.487,2.1,84.606,41.412,,
2024/1/31 7:5:35.265,2,78.649,41.085,,
2024/1/31 6:56:23.45,3,78.627,41.12,,
2024/1/31 6:20:4.57,3.5,78.505,41.025,,
2024/1/31 5:51:9.528,2.7,78.411,40.989,,
2024/1/31 5:40:33.038,2.5,78.533,41.017,,
2024/1/31 4:48:20.553,3.6,78.643,41.097,,
2024/1/31 4:21:23.585,2.6,78.62,41.122,,
2024/1/31 4:13:25.037,2.2,76.681,38.189,,
2024/1/31 3:12:25.274,2.9,78.42,41.126,,
2024/1/31 3:12:2.456,1.9,78.876,41.303,,
2024/1/31 2:54:56.317,2.2,78.66,41.188,,
2024/1/31 2:48:44.911,2,78.419,41.126,,
2024/1/31 2:28:48.109,3,76.877,38.392,,
2024/1/31 2:26:19.769,1.9,78.521,41.022,,
2024/1/31 2:10:10.012,1.9,75.459,39.845,,
2024/1/31 2:2:39.431,1.9,88.203,47.55,,
2024/1/31 1:59:26.453,2.1,78.656,41.102,,
2024/1/31 1:56:41.254,2.1,78.562,41.067,,
2024/1/31 1:31:5.429,2,78.569,41.089,,
2024/1/31 1:21:34.154,2.6,78.523,40.835,,
2024/1/31 1:20:58.419,1.9,78.701,41.105,,
2024/1/30 22:42:47.165,1.9,78.591,41.173,,
2024/1/30 22:41:15.867,2.1,78.616,41.148,,
2024/1/30 21:54:15.733,2.2,78.636,41.127,,
2024/1/30 21:4:29.195,2.9,78.649,41.108,,
2024/1/30 20:54:3.453,2.8,78.792,41.282,,
2024/1/30 20:52:17.101,2.1,78.539,41,,
2024/1/30 20:20:39.818,2.5,78.647,41.097,,
2024/1/30 20:5:37.035,2.4,78.709,41.195,,
2024/1/30 19:47:7.184,2.6,78.635,41.165,,
2024/1/30 19:44:29.319,2.5,78.767,41.317,,
2024/1/30 19:31:33.497,2.2,78.75,41.238,,
2024/1/30 18:59:3.055,1.9,78.662,41.062,,
2024/1/30 17:49:16.44,2.9,78.754,41.285,,
2024/1/30 16:48:17.531,2.2,78.751,41.167,,
2024/1/30 16:37:43.963,3.3,78.479,41.054,,
2024/1/30 16:33:42.985,1.9,78.822,41.35,,
2024/1/30 16:25:4.771,2.9,78.955,41.392,,
2024/1/30 15:55:32.39,2.5,78.973,41.382,,
2024/1/30 15:45:38.362,2,78.612,41.151,,
2024/1/30 15:27:59.12,2.7,78.97,41.39,,
2024/1/30 15:23:26.871,3.2,78.951,41.398,,
2024/1/30 15:1:1.324,1.9,78.678,41.087,,
2024/1/30 14:45:20.629,2.4,78.647,41.169,,
2024/1/30 14:4:0.038,2,78.662,41.117,,
2024/1/30 13:58:17.301,2,78.579,41.166,,
2024/1/30 13:35:55.593,2,78.787,41.278,,
2024/1/30 13:18:12.885,2,78.741,41.267,,
2024/1/30 13:10:22.597,2.7,77.874,40.18,,
2024/1/30 12:48:20.599,3.2,78.707,41.091,,
2024/1/30 12:3:40.088,2.1,78.62,40.931,,
2024/1/30 11:56:56.524,2,78.496,41.108,,
2024/1/30 11:52:29.402,4.1,78.638,41.037,,
2024/1/30 11:41:6.876,2.5,78.686,41.089,,
2024/1/30 11:25:28.628,2,78.61,41.244,,
2024/1/30 10:41:6.591,1.9,78.657,41.059,,
2024/1/30 10:18:34.689,2,78.615,41.115,,
2024/1/30 9:59:11.415,3.2,78.664,41.142,,
2024/1/30 9:44:55.555,4.3,78.7,41.122,,
2024/1/30 9:25:41.905,2.2,82.952,42.71,,
2024/1/30 9:13:50.632,2.2,78.752,41.19,,
2024/1/30 9:2:11.4,2,78.486,41.019,,
2024/1/30 9:1:29.54,2.3,84.041,40.811,,
2024/1/30 8:58:35.45,1.9,78.724,41.253,,
2024/1/30 8:6:57.615,3,83.832,40.777,,
2024/1/30 7:50:52.263,3.1,83.721,41.255,,
2024/1/30 7:48:17.965,2.3,78.631,41.067,,
2024/1/30 7:30:43.288,3.9,78.651,41.099,,
2024/1/30 7:29:47.27,2.2,78.741,41.144,,
2024/1/30 7:8:51.483,1.9,78.384,41.027,,
2024/1/30 6:38:7.539,2.2,78.613,41.236,,
2024/1/30 6:27:30.996,5.6,78.698,41.108,,
2024/1/30 6:19:33.844,2.1,78.672,41.145,,
2024/1/30 6:3:48.406,2.1,78.611,41.057,,
2024/1/30 6:0:10.156,2.2,78.858,41.304,,
2024/1/30 5:17:2.272,1.9,78.293,40.979,,
2024/1/30 5:3:8.499,4.2,78.778,41.174,,
2024/1/30 5:0:48.389,2.8,84.26,40.92,,
2024/1/30 5:0:22.879,3.5,78.797,41.295,,
2024/1/30 4:50:45.86,2.2,83.917,41.3,,
2024/1/30 4:39:36.34,1.9,79.494,41.85,,
2024/1/30 2:49:26.611,3,78.608,41.189,,
2024/1/30 2:30:57.583,3.5,78.551,41.08,,
2024/1/30 2:17:54.979,2.1,78.732,41.278,,
2024/1/30 1:44:14.204,2.3,78.51,41.171,,
2024/1/30 1:14:49.156,2.4,78.748,41.264,,
2024/1/30 0:56:13.942,2.2,78.53,40.999,,
2024/1/29 23:53:16.317,3.3,78.698,41.068,,
2024/1/29 23:34:57.706,2.9,78.504,40.995,,
2024/1/29 22:15:5.296,2.8,83.061,42.714,,
2024/1/29 22:12:11.531,2.1,78.799,41.356,,
2024/1/29 21:54:18.109,3.3,78.727,41.261,,
2024/1/29 21:52:55.9,1.9,78.744,41.331,,
2024/1/29 21:32:24.753,2,78.549,41.218,,
2024/1/29 20:44:57.336,2,78.637,41.166,,
2024/1/29 20:29:37.313,2.5,78.772,41.257,,
2024/1/29 20:8:59.99,2.6,75.515,38.17,,
2024/1/29 20:9:7.172,3.6,78.753,41.149,,
2024/1/29 20:4:26.382,1.9,78.622,41.197,,
2024/1/29 19:59:20.236,2.3,78.503,41.035,,
2024/1/29 19:46:38.269,2.1,78.363,41.09,,
2024/1/29 19:37:46.348,3.7,87.827,43.214,,
2024/1/29 19:20:11.378,1.9,78.655,41.285,,
2024/1/29 19:5:10.961,1.9,78.502,41.027,,
2024/1/29 18:52:53.625,2.6,78.887,41.37,,
2024/1/29 18:14:22.927,3.2,78.435,41.148,,
2024/1/29 17:15:21.961,1.9,78.771,41.309,,
2024/1/29 16:55:10.669,2.4,77.381,39.922,,
2024/1/29 15:26:51.036,2.3,78.503,40.947,,
2024/1/29 15:0:6.909,2.2,78.836,41.321,,
2024/1/29 14:46:3.882,2,78.694,41.257,,
2024/1/29 14:41:42.465,2.5,78.611,41.088,,
2024/1/29 14:1:38.801,2.1,78.752,41.266,,
2024/1/29 13:53:1.908,2.9,78.732,41.027,,
2024/1/29 13:41:24.731,2.3,78.728,41.349,,
2024/1/29 13:36:35.648,2.3,88.216,42.158,,
2024/1/29 13:9:45.456,2.2,78.575,41.08,,
2024/1/29 13:3:49.273,2.8,78.66,41.087,,
2024/1/29 12:21:48.165,3,78.679,41.121,,
2024/1/29 12:19:21.952,2.4,78.604,41.108,,
2024/1/29 12:5:9.255,3.8,78.672,41.083,,
2024/1/29 11:10:55.725,2.4,78.512,41.031,,
2024/1/29 11:3:8.437,2.6,78.665,41.173,,
2024/1/29 10:40:11.685,1.9,78.459,41.072,,
2024/1/29 10:30:47.729,2.1,78.88,40.891,,
2024/1/29 10:30:5.224,2.1,78.838,41.315,,
2024/1/29 10:10:3.202,3.1,83.198,40.219,,
2024/1/29 9:53:30.013,3.1,78.743,41.298,,
2024/1/29 9:35:31.35,2.7,78.572,40.979,,
2024/1/29 9:8:4.541,2.2,78.724,41.299,,
2024/1/29 9:0:11.406,1.9,78.62,41.055,,
2024/1/29 8:21:19.797,2.6,78.637,41.08,,
2024/1/29 8:4:12.913,2.1,78.569,41.195,,
2024/1/29 6:42:5.786,2,78.713,41.175,,
2024/1/29 6:7:2.313,2.5,78.601,41.043,,
2024/1/29 6:3:56.001,1.9,78.422,41.127,,
2024/1/29 5:58:29.803,3,78.672,41.066,,
2024/1/29 5:24:46.511,2.5,78.496,41.034,,
2024/1/29 5:8:30.892,1.9,84.557,43.954,,
2024/1/29 4:16:0.448,2.7,78.524,41.013,,
2024/1/29 3:52:12.127,1.9,78.766,41.302,,
2024/1/29 3:31:19.683,1.9,78.964,41.313,,
2024/1/29 3:28:24.326,1.9,78.614,41.103,,
2024/1/29 3:11:22.331,2.1,77.827,39.78,,
2024/1/29 1:52:4.418,2.2,83.782,42.075,,
2024/1/29 1:18:35.628,3.1,78.615,41.148,,
2024/1/29 1:17:4.559,2.1,78.683,41.121,,
2024/1/29 0:54:12.044,2.5,78.459,41.075,,
2024/1/29 0:9:35.915,2,80.725,42.163,,
2024/1/28 22:59:19.745,1.9,78.602,41.086,,
2024/1/28 22:35:11.751,1.9,78.935,41.284,,
2024/1/28 22:25:9.279,1.9,78.943,41.273,,
2024/1/28 22:19:21.694,1.9,78.775,41.311,,
2024/1/28 21:52:55.882,3.1,78.669,41.044,,
2024/1/28 21:32:39.342,1.9,83.457,43.532,,
2024/1/28 20:45:47.284,2.3,77.57,37.769,,
2024/1/28 20:22:52.866,2.5,78.772,41.306,,
2024/1/28 20:4:22.08,2.4,78.633,41.071,,
2024/1/28 19:31:51.379,2,89.19,43.018,,
2024/1/28 19:12:25.906,2.2,78.448,40.997,,
2024/1/28 18:37:37.172,2.3,78.875,41.335,,
2024/1/28 18:20:48.414,1.9,78.653,41.075,,
2024/1/28 17:56:27.088,1.9,78.821,41.112,,
2024/1/28 17:34:6.924,1.9,78.441,41.078,,
2024/1/28 17:8:29.51,2.7,78.757,41.221,,
2024/1/28 17:3:23.077,2.7,78.521,40.995,,
2024/1/28 17:2:9.515,1.9,78.707,41.265,,
2024/1/28 17:1:11.198,2,78.599,41.081,,
2024/1/28 16:58:9.409,2.1,78.601,41.086,,
2024/1/28 16:48:49.725,2,78.675,41.127,,
2024/1/28 16:16:32.379,2,78.568,41.103,,
2024/1/28 15:49:59.969,2.5,78.562,41.022,,
2024/1/28 15:47:28.926,3.3,78.814,41.254,,
2024/1/28 15:13:52.719,1.9,78.588,41.085,,
2024/1/28 15:2:14.91,2.1,78.473,41.045,,
2024/1/28 14:58:24.264,2.1,78.591,41.22,,
2024/1/28 14:30:27.35,2,78.59,41.213,,
2024/1/28 14:13:34.791,2.5,78.837,41.299,,
2024/1/28 13:50:39.988,3.3,84.27,42.212,,
2024/1/28 13:19:8.519,1.9,78.736,41.266,,
2024/1/28 12:54:7.996,2.2,78.62,41.094,,
2024/1/28 12:43:45.106,3.1,78.501,41.01,,
2024/1/28 12:30:36.425,2.7,78.718,41.264,,
2024/1/28 12:11:0.06,1.9,78.845,41.286,,
2024/1/28 12:2:46.174,2.4,78.652,41.198,,
2024/1/28 11:52:56.09,2.5,78.862,41.304,,
2024/1/28 11:51:37.833,2,78.695,41.199,,
2024/1/28 11:22:16.216,2.6,78.571,41.104,,
2024/1/28 10:47:30.504,2.1,78.565,41.118,,
2024/1/28 10:42:43.19,2,78.574,41.121,,
2024/1/28 10:35:32.63,2.9,78.756,41.279,,
2024/1/28 10:1:37.745,3.4,78.789,41.138,,
2024/1/28 9:42:55.806,1.9,78.713,41.289,,
2024/1/28 9:41:36.336,1.9,78.499,41.028,,
2024/1/28 8:40:9.345,2.1,78.576,41.138,,
2024/1/28 8:20:8.986,3.3,78.612,41.076,,
2024/1/28 7:48:19.631,2.3,78.532,41.004,,
2024/1/28 7:31:41.496,2.4,78.747,41.284,,
2024/1/28 7:21:49.237,1.9,78.589,41.171,,
2024/1/28 6:52:19.121,2.6,83.649,41.058,,
2024/1/28 6:8:5.827,2.6,78.777,41.308,,
2024/1/28 5:25:10.126,2.9,78.748,41.273,,
2024/1/28 5:23:15.715,2.1,78.549,40.996,,
2024/1/28 5:16:50.868,2.2,88.775,43.283,,
2024/1/28 4:32:52.317,2.3,78.648,41.069,,
2024/1/28 4:27:44.383,1.9,78.56,41.078,,
2024/1/28 4:5:29.142,2.3,78.702,41.221,,
2024/1/28 3:54:22.359,2,78.48,40.696,,
2024/1/28 3:43:34.438,2.1,78.577,41.142,,
2024/1/28 3:35:21.687,2,78.504,41.212,,
2024/1/28 3:32:56.931,2.9,78.698,41.129,,
2024/1/28 3:11:14.141,2.9,78.937,41.368,,
2024/1/28 2:7:24.83,1.9,78.773,41.309,,
2024/1/28 2:3:39.018,1.9,78.616,41.203,,
2024/1/28 1:54:24.129,2.2,78.729,41.301,,
2024/1/28 1:51:53.288,2.4,78.559,41.045,,
2024/1/28 1:49:29.873,1.9,78.791,41.246,,
2024/1/28 1:41:31.175,3.4,78.516,41.082,,
2024/1/28 1:35:42.607,2.1,78.486,41.053,,
2024/1/28 0:59:37.73,1.8,83.999,40.954,,
2024/1/28 0:59:34.074,2.3,78.708,41.239,,
2024/1/28 0:58:31.375,2,78.624,41.188,,
2024/1/28 0:20:41.834,2.2,78.799,41.26,,
2024/1/28 0:5:43.265,2.1,78.681,41.168,,
2024/1/27 23:54:24.738,2.8,78.575,41.128,,
2024/1/27 23:51:30.98,2.4,78.73,41.267,,
2024/1/27 23:39:34.004,2.7,78.732,41.176,,
2024/1/27 23:23:21.044,2.3,78.784,41.272,,
2024/1/27 23:6:33.226,3.9,83.573,41.292,,
2024/1/27 23:2:48.152,1.8,78.518,41.082,,
2024/1/27 22:58:50.057,2.6,78.586,41.121,,
2024/1/27 22:4:50.281,2.7,78.767,41.269,,
2024/1/27 21:50:41.872,2.1,78.642,41.18,,
2024/1/27 21:44:46.167,2.5,78.576,41.126,,
2024/1/27 21:23:0.24,2.1,78.505,41.031,,
2024/1/27 21:2:9.579,3,78.771,41.301,,
2024/1/27 20:57:29.854,2.5,78.616,41.132,,
2024/1/27 20:25:3.44,2.7,83.732,41.204,,
2024/1/27 19:29:59.551,3.6,78.855,41.255,,
2024/1/27 19:24:13.394,2.3,78.635,41.139,,
2024/1/27 19:8:53.324,2.6,78.771,41.308,,
2024/1/27 18:54:53.947,2.1,78.593,41.2,,
2024/1/27 18:50:27.622,1.9,78.648,41.14,,
2024/1/27 18:47:59.263,2,78.604,41.084,,
2024/1/27 18:19:34.026,2.9,78.638,41.08,,
2024/1/27 17:55:26.933,2.3,78.499,41.042,,
2024/1/27 17:38:32.847,1.9,78.457,41.125,,
2024/1/27 17:28:30.452,2.4,78.611,41.212,,
2024/1/27 17:17:22.169,2,78.727,41.31,,
2024/1/27 17:14:40.909,1.9,78.549,41.257,,
2024/1/27 17:2:54.367,5.1,78.664,41.186,,
2024/1/27 16:56:19.289,2.3,78.421,40.972,,
2024/1/27 16:46:11.707,2.1,78.514,41.021,,
2024/1/27 16:28:14.691,2.2,78.717,41.183,,
2024/1/27 15:59:25.963,2.4,78.62,41.145,,
2024/1/27 15:56:45.223,2.1,87.822,43.546,,
2024/1/27 15:45:26.224,2.3,78.822,41.392,,
2024/1/27 15:39:1.575,2.3,78.478,40.714,,
2024/1/27 15:26:3.513,2.5,78.802,41.292,,
2024/1/27 15:19:49.07,2.1,78.446,40.721,,
2024/1/27 15:4:59.018,2.1,78.648,41.198,,
2024/1/27 14:47:32.74,2.3,78.654,41.152,,
2024/1/27 13:43:14.523,1.9,80.224,42.339,,
2024/1/27 13:33:3.239,2,80.203,42.348,,
2024/1/27 13:29:12.979,4,80.325,42.285,,
2024/1/27 13:27:23.084,1.9,78.848,41.345,,
2024/1/27 13:12:5.841,3.2,80.333,42.289,,
2024/1/27 13:6:16.178,2.7,78.526,40.991,,
2024/1/27 13:4:16.485,2,78.796,41.283,,
2024/1/27 12:8:30.501,2,78.498,40.998,,
2024/1/27 11:10:26.652,1.9,78.785,41.31,,
2024/1/27 10:33:4.698,2,78.791,41.318,,
2024/1/27 10:32:26.229,2,78.822,41.251,,
2024/1/27 10:16:38.878,2.1,78.602,41.162,,
2024/1/27 9:46:15.544,3.2,78.746,41.338,,
2024/1/27 9:44:17.508,2,78.746,41.333,,
2024/1/27 9:37:25.197,2.6,78.553,41.08,,
2024/1/27 9:16:41.987,2.1,78.801,41.08,,
2024/1/27 8:43:34.071,3.3,78.562,40.973,,
2024/1/27 8:37:18.874,3.9,78.546,40.992,,
2024/1/27 8:36:40.275,2.1,78.38,41.171,,
2024/1/27 8:28:42.692,2.2,78.848,41.307,,
2024/1/27 7:37:59.815,2.5,78.524,41.147,,
2024/1/27 7:32:48.726,2.4,83.44,41.376,,
2024/1/27 7:26:15.091,2.6,78.475,41.091,,
2024/1/27 7:16:23.028,2.2,78.515,41.122,,
2024/1/27 7:12:40.063,2.5,78.536,40.995,,
2024/1/27 7:2:53.048,2.4,77.685,40.333,,
2024/1/27 6:56:12.603,2.2,78.616,41.209,,
2024/1/27 6:41:17.241,2.5,78.501,41.038,,
2024/1/27 6:38:13.96,2,78.795,41.301,,
2024/1/27 6:37:18.175,2,78.505,41.075,,
2024/1/27 6:30:16.398,1.8,88.367,41.899,,
2024/1/27 5:29:20.991,1.9,78.584,41.184,,
2024/1/27 4:58:29.403,2.1,78.836,41.24,,
2024/1/27 4:57:30.777,2.1,78.855,41.362,,
2024/1/27 4:43:49.841,3.3,78.606,41.077,,
2024/1/27 4:36:15.08,2.4,78.882,41.236,,
2024/1/27 4:30:2.944,2.3,78.454,41.091,,
2024/1/27 4:20:59.365,2,78.585,41.082,,
2024/1/27 3:47:18.036,2.2,78.556,41.104,,
2024/1/27 3:37:8.182,2.6,78.642,41.179,,
2024/1/27 3:28:59.758,2.8,78.652,41.074,,
2024/1/27 3:2:45.627,3.5,75.872,40.043,,
2024/1/27 3:2:16.305,3.2,75.815,40.088,,
2024/1/27 2:59:7.505,2,78.587,41.18,,
2024/1/27 2:43:58.196,2.3,78.94,41.311,,
2024/1/27 1:56:42.729,3.1,78.799,41.271,,
2024/1/27 1:55:41.272,2.5,78.911,41.388,,
2024/1/27 1:54:51.573,2,78.922,41.376,,
2024/1/27 1:47:19.266,2.2,82.736,45.341,,
2024/1/27 1:46:44.827,2.1,78.8,41.33,,
2024/1/27 1:41:47.763,2.2,78.8,41.181,,
2024/1/27 1:36:50.722,2.6,75.827,40.081,,
2024/1/27 1:19:59.133,2,83.708,41.245,,
2024/1/27 1:1:0.751,3,78.652,41.055,,
2024/1/27 0:59:22.032,2.2,78.866,40.953,,
2024/1/27 0:58:43.958,2.2,78.66,41.062,,
2024/1/27 0:45:59.891,2.5,78.543,41.029,,
2024/1/27 0:18:49.873,3.2,83.438,41.156,,
2024/1/27 0:0:22.49,3.9,78.658,41.094,,
2024/1/26 23:54:52.328,2.6,82.484,43.254,,
2024/1/26 23:51:6.205,2.3,78.458,40.988,,
2024/1/26 23:30:9.239,1.9,78.613,41.071,,
2024/1/26 22:24:43.323,3.2,82.448,43.55,,
2024/1/26 22:10:11.245,2.4,78.665,41.098,,
2024/1/26 21:48:38.334,2,78.394,40.953,,
2024/1/26 21:40:33.817,2.1,78.754,41.284,,
2024/1/26 21:39:0.557,2,78.84,41.296,,
2024/1/26 21:11:15.553,3.4,78.784,41.274,,
2024/1/26 21:8:4.553,2.6,78.772,41.295,,
2024/1/26 20:48:43.595,2.1,78.798,41.239,,
2024/1/26 20:36:28.458,2.2,78.96,41.346,,
2024/1/26 20:19:41.945,1.9,78.742,41.199,,
2024/1/26 20:5:28.305,4.4,78.837,41.147,,
2024/1/26 19:53:0.367,2.2,78.477,41.015,,
2024/1/26 19:48:59.491,3.2,78.748,41.304,,
2024/1/26 19:27:56.444,2.1,78.562,41.061,,
2024/1/26 19:16:47.044,2.3,78.782,41.132,,
2024/1/26 18:54:3.911,1.9,78.747,41.164,,
2024/1/26 18:50:29.424,2.7,78.645,41.087,,
2024/1/26 18:45:43.157,1.9,78.836,41.301,,
2024/1/26 18:39:38.661,2,78.731,41.208,,
2024/1/26 18:35:46.417,2.3,78.636,41.037,,
2024/1/26 18:31:7.748,2.2,78.73,41.266,,
2024/1/26 18:16:36.266,4.3,78.797,41.146,,
2024/1/26 18:7:11.198,2.1,78.862,41.305,,
2024/1/26 17:46:32.963,2,78.846,41.297,,
2024/1/26 17:39:55.67,2.2,78.66,41.058,,
2024/1/26 16:43:28.539,2.2,78.451,41.07,,
2024/1/26 16:17:56.943,4.2,78.607,41.078,,
2024/1/26 15:58:35.404,2.2,78.664,41.056,,
2024/1/26 15:43:15.731,2.6,78.643,41.105,,
2024/1/26 15:15:6.407,2.5,78.718,41.245,,
2024/1/26 15:12:24.646,2.2,78.634,41.076,,
2024/1/26 14:58:42.001,2,78.517,40.944,,
2024/1/26 14:54:41.162,3.6,78.632,41.161,,
2024/1/26 14:53:3.447,2.1,78.592,41.115,,
2024/1/26 14:48:19.812,1.9,78.801,41.32,,
2024/1/26 14:5:29.519,1.9,78.793,41.355,,
2024/1/26 13:59:18.137,2.3,78.842,41.26,,
2024/1/26 13:49:24.658,2.4,83.586,41.309,,
2024/1/26 13:43:3.699,2.7,78.914,41.347,,
2024/1/26 13:7:22.467,3.4,78.692,41.065,,
2024/1/26 12:58:29.351,1.9,78.617,41.144,,
2024/1/26 12:22:39.372,2.5,78.618,41.139,,
2024/1/26 12:11:41.136,2,78.643,41.127,,
2024/1/26 11:54:47.644,2.1,78.767,41.339,,
2024/1/26 11:39:0.698,2.1,78.597,41.252,,
2024/1/26 11:35:57.865,1.9,86.519,43.339,,
2024/1/26 11:36:17.855,2.5,78.522,41.045,,
2024/1/26 11:27:31.65,1.9,78.661,41.159,,
2024/1/26 11:25:40.829,2.1,78.854,41.316,,
2024/1/26 11:23:16.842,3,78.597,41.131,,
2024/1/26 10:59:56.045,2.5,78.786,41.231,,
2024/1/26 10:47:24.67,2.3,78.625,41.052,,
2024/1/26 10:44:51.642,1.9,78.558,40.942,,
2024/1/26 10:35:39.689,2.7,78.699,41.165,,
2024/1/26 10:28:36.918,3.3,78.636,41.081,,
2024/1/26 10:25:57.719,4.2,78.798,41.218,,
2024/1/26 10:23:10.971,2,78.712,41.278,,
2024/1/26 10:21:45.709,2.6,78.619,41.054,,
2024/1/26 10:17:49.113,2,78.868,41.269,,
2024/1/26 10:11:12.427,2.5,78.778,41.206,,
2024/1/26 9:55:5.242,4.5,78.648,41.087,,
2024/1/26 9:38:9.035,3.2,78.698,41.112,,
2024/1/26 9:32:27.27,2.5,78.435,41.059,,
2024/1/26 9:28:26.423,2,78.799,41.319,,
2024/1/26 9:14:17.345,4,78.638,41.08,,
2024/1/26 9:10:26.68,2.1,78.598,41.115,,
2024/1/26 8:45:54.934,2.1,78.755,41.235,,
2024/1/26 8:38:50.049,2.4,78.747,41.237,,
2024/1/26 8:11:31.944,2.1,78.638,41.34,,
2024/1/26 7:55:42.238,3.2,78.537,40.997,,
2024/1/26 7:51:12.752,2.1,78.62,41.196,,
2024/1/26 7:48:33.984,2.3,78.591,41.119,,
2024/1/26 7:46:53.986,3.6,78.757,41.144,,
2024/1/26 7:36:59.582,3,78.78,41.269,,
2024/1/26 7:34:13.479,2.7,76.727,38.234,,
2024/1/26 7:21:25.365,2.7,78.777,41.314,,
2024/1/26 7:13:4.718,1.9,78.516,41.018,,
2024/1/26 6:49:39.793,1.9,78.802,41.307,,
2024/1/26 6:38:0.742,4.7,78.643,41.12,,
2024/1/26 6:26:22.139,2.7,78.855,41.293,,
2024/1/26 6:13:31.781,2.2,78.794,41.176,,
2024/1/26 6:11:35.588,1.9,78.651,41.252,,
2024/1/26 6:5:30.737,1.9,78.815,41.302,,
2024/1/26 5:59:12.408,2.8,78.661,41.077,,
2024/1/26 5:35:46.767,2.1,78.859,41.258,,
2024/1/26 5:22:7.042,3.2,78.662,41.104,,
2024/1/26 5:10:53.585,4.3,78.657,41.089,,
2024/1/26 4:48:55.665,1.9,78.839,41.296,,
2024/1/26 4:34:37.792,2.4,78.753,41.23,,
2024/1/26 4:21:30.991,3.6,78.865,41.26,,
2024/1/26 4:21:15.173,2.1,78.908,41.392,,
2024/1/26 4:13:27.382,2.7,78.863,41.299,,
2024/1/26 4:8:26.139,2.3,78.826,41.304,,
2024/1/26 4:1:19.763,5.5,78.877,41.286,,
2024/1/26 3:51:0.263,3.3,78.745,41.25,,
2024/1/26 3:42:41.107,2.5,78.52,41.061,,
2024/1/26 3:31:48.34,3.3,78.719,41.261,,
2024/1/26 3:21:29.357,4.2,77.492,40.483,,
2024/1/26 3:15:6.375,2,77.899,40.389,,
2024/1/26 3:1:45.87,2.2,77.899,40.392,,
2024/1/26 2:59:1.921,2.1,78.74,41.351,,
2024/1/26 2:52:54.709,2,78.793,41.372,,
2024/1/26 2:51:9.04,2,78.81,41.352,,
2024/1/26 2:49:34.795,2,78.648,41.165,,
2024/1/26 2:13:18.027,1.9,78.605,41.046,,
2024/1/26 2:2:17.069,2.7,78.767,41.343,,
2024/1/26 1:50:30.716,1.9,78.633,41.177,,
2024/1/26 1:42:41.641,2.2,78.792,41.289,,
2024/1/26 1:31:33.244,2.4,78.521,41.086,,
2024/1/26 1:27:9.876,2.3,78.745,41.262,,
2024/1/26 1:10:37.746,2.6,78.565,41.026,,
2024/1/26 1:9:15.218,2.9,78.951,41.348,,
2024/1/26 1:7:12.466,2.5,78.651,41.071,,
2024/1/26 1:4:37.404,3,78.747,41.284,,
2024/1/26 1:2:16.867,2.4,78.661,41.071,,
2024/1/26 1:0:17.568,3.1,91.334,43.846,,
2024/1/26 1:0:15.046,2.5,77.435,40.583,,
2024/1/26 0:47:2.347,3,78.793,41.276,,
2024/1/26 0:35:12.217,2.2,78.591,41.079,,
2024/1/26 0:30:51.197,2.1,78.796,41.048,,
2024/1/26 0:27:46.414,2.2,78.95,41.346,,
2024/1/26 0:15:22.046,2.3,78.567,41.132,,
2024/1/26 0:11:28.906,2.5,78.575,40.965,,
2024/1/26 0:0:34.988,2.2,78.651,41.17,,
2024/1/25 23:50:21.46,2.1,78.567,41.068,,
2024/1/25 23:43:43.829,3.1,78.632,41.125,,
2024/1/25 23:11:59.95,2.5,78.695,41.243,,
2024/1/25 23:9:52.973,2.5,78.749,41.193,,
2024/1/25 22:39:20.84,2.1,78.565,41.117,,
2024/1/25 22:35:28.952,3,78.727,41.216,,
2024/1/25 22:24:33.886,2.1,78.769,41.267,,
2024/1/25 22:9:43.089,2.1,78.812,41.343,,
2024/1/25 22:7:33.51,2.8,78.885,41.372,,
2024/1/25 22:4:10.872,2,78.782,41.288,,
2024/1/25 22:0:5.737,1.9,78.506,41.027,,
2024/1/25 21:57:33.808,1.9,78.641,41.031,,
2024/1/25 21:54:53.247,3.7,78.412,41.126,,
2024/1/25 21:44:51.415,1.9,78.765,41.263,,
2024/1/25 21:44:4.095,1.9,78.504,41.086,,
2024/1/25 21:36:41.298,2.4,78.549,41.038,,
2024/1/25 21:31:29.729,2.6,78.639,41.082,,
2024/1/25 21:26:57.176,3,78.801,41.292,,
2024/1/25 21:12:3.841,3,78.512,41.087,,
2024/1/25 20:55:54.721,1.9,78.756,41.334,,
2024/1/25 20:54:44.436,2,78.798,41.303,,
2024/1/25 20:51:30.736,2.6,78.798,41.282,,
2024/1/25 20:32:52.504,2.3,78.602,41.123,,
2024/1/25 20:27:25.971,3.4,78.657,41.073,,
2024/1/25 20:19:45.228,2,78.252,41.116,,
2024/1/25 20:13:2.908,2.2,78.708,41.163,,
2024/1/25 20:9:29.445,2.6,78.81,41.319,,
2024/1/25 20:1:39.218,2.4,78.778,41.304,,
2024/1/25 19:47:48.943,2.1,78.49,41.03,,
2024/1/25 19:29:11.021,2.6,78.64,41.076,,
2024/1/25 19:25:9.556,2.1,78.561,41.119,,
2024/1/25 19:10:25.968,2.2,83.84,36.53,,
2024/1/25 19:0:23.285,1.9,78.612,41.092,,
2024/1/25 18:59:35.234,2.7,78.586,41.169,,
2024/1/25 18:40:33.049,2.8,78.634,41.12,,
2024/1/25 18:32:15.412,2.3,78.584,41.129,,
2024/1/25 18:24:26.487,2.6,78.738,41.312,,
2024/1/25 17:47:4.608,2.5,78.8,41.164,,
2024/1/25 17:40:59.755,2.1,78.579,41.119,,
2024/1/25 17:33:34.242,2.4,78.92,41.368,,
2024/1/25 17:32:24.131,2.7,78.64,41.077,,
2024/1/25 17:29:42.673,3.9,78.93,41.345,,
2024/1/25 17:25:18.422,2,78.331,41.062,,
2024/1/25 17:18:53.623,2.3,78.575,41.104,,
2024/1/25 17:16:49.036,3,78.698,41.207,,
2024/1/25 17:6:6.874,2.1,78.909,41.391,,
2024/1/25 17:2:33.855,2,78.614,41.041,,
2024/1/25 16:58:53.333,3.7,78.649,41.093,,
2024/1/25 16:42:45.353,3.8,78.618,41.093,,
2024/1/25 16:39:39.478,2.1,78.608,41.158,,
2024/1/25 16:35:7.099,2.3,78.538,41.133,,
2024/1/25 16:23:28.776,2.6,78.837,41.326,,
2024/1/25 16:14:36.953,4.3,78.947,41.339,,
2024/1/25 15:59:27.309,2.3,78.931,41.383,,
2024/1/25 15:51:9.103,3.5,78.588,40.953,,
2024/1/25 15:41:29.468,2.4,78.533,41.03,,
2024/1/25 15:39:57.75,2,78.716,41.236,,
2024/1/25 15:37:30.538,1.9,78.72,41.23,,
2024/1/25 15:27:7.041,2.5,78.609,41.197,,
2024/1/25 15:18:19.368,2,78.603,41.162,,
2024/1/25 15:11:8.742,2.8,78.538,41.115,,
2024/1/25 15:10:21.814,2,78.584,41.087,,
2024/1/25 14:49:14.006,2.3,78.64,41.121,,
2024/1/25 14:43:17.996,3.1,78.661,41.102,,
2024/1/25 14:29:49.253,1.9,78.719,41.089,,
2024/1/25 14:13:31.489,2.3,78.65,41.122,,
2024/1/25 14:10:56.866,2.2,78.627,41.044,,
2024/1/25 14:6:24.513,2,78.475,40.981,,
2024/1/25 14:3:24.059,2,78.547,41.125,,
2024/1/25 13:37:16.346,2,78.736,40.844,,
2024/1/25 13:31:39.038,1.9,78.81,41.39,,
2024/1/25 13:24:27.543,2,78.616,41.103,,
2024/1/25 13:16:20.727,2.4,78.798,41.112,,
2024/1/25 13:14:21.221,2.6,78.611,41.131,,
2024/1/25 13:9:55.585,2.4,78.668,41.049,,
2024/1/25 13:8:4.381,2.7,78.731,41.272,,
2024/1/25 13:6:54.937,1.9,78.661,41.06,,
2024/1/25 13:3:6.873,2.7,78.687,41.066,,
2024/1/25 13:2:48.067,2.2,78.609,41.105,,
2024/1/25 13:0:23.688,3.8,78.639,41.072,,
2024/1/25 12:59:11.797,4.3,78.751,41.244,,
2024/1/25 12:54:50.8,3.7,78.647,41.093,,
2024/1/25 12:53:8.688,2.1,78.582,41.102,,
2024/1/25 12:49:21.576,1.9,78.836,41.295,,
2024/1/25 12:21:51.898,3.6,78.637,41.08,,
2024/1/25 12:11:48.034,2.7,78.787,41.327,,
2024/1/25 11:49:51.475,3.1,78.967,41.403,,
2024/1/25 11:43:48.599,2,78.656,41.056,,
2024/1/25 11:12:35.615,1.9,78.484,41.043,,
2024/1/25 11:11:3.074,2.2,78.618,41.065,,
2024/1/25 11:1:1.479,2.2,78.58,41.134,,
2024/1/25 10:55:42.834,2.5,78.62,41.068,,
2024/1/25 10:45:52.689,1.9,77.378,39.96,,
2024/1/25 10:44:59.63,1.9,78.637,41.082,,
2024/1/25 10:35:6.406,2.5,78.614,41.148,,
2024/1/25 10:31:14.866,1.9,78.83,41.376,,
2024/1/25 10:18:47.586,2.1,78.57,41.013,,
2024/1/25 10:16:25.442,3,78.643,41.085,,
2024/1/25 10:8:37.378,3.1,78.648,41.092,,
2024/1/25 10:5:31.475,2,78.812,41.294,,
2024/1/25 10:2:43.252,2.3,78.667,41.09,,
2024/1/25 9:59:44.949,2,78.626,41.081,,
2024/1/25 9:55:14.547,2.2,78.639,41.072,,
2024/1/25 9:52:45.837,2.4,78.578,41.096,,
2024/1/25 9:51:43.245,2.5,78.629,41.054,,
2024/1/25 9:51:3.121,2.3,78.635,41.128,,
2024/1/25 9:43:35.81,4.5,78.636,41.092,,
2024/1/25 9:33:21.97,2.2,78.594,41.119,,
2024/1/25 9:29:59.472,2.1,78.581,41.077,,
2024/1/25 9:24:23.6,5.2,78.644,41.085,,
2024/1/25 9:21:1.577,2.2,78.772,41.306,,
2024/1/25 9:18:21.062,2.2,78.944,41.363,,
2024/1/25 9:13:24.008,4,78.601,41.083,,
2024/1/25 9:10:17.934,2.3,78.545,40.996,,
2024/1/25 9:6:19.75,2.6,78.618,41.102,,
2024/1/25 8:41:40.939,2.8,78.618,41.07,,
2024/1/25 8:30:2.243,2.4,78.626,41.071,,
2024/1/25 8:24:48.16,2.4,78.665,41.138,,
2024/1/25 8:21:34.09,2.8,78.608,41.079,,
2024/1/25 8:12:57.729,2.8,78.564,40.973,,
2024/1/25 8:4:55.537,2.1,78.67,40.971,,
2024/1/25 7:59:58.558,3,78.654,41.047,,
2024/1/25 7:55:57.864,2.5,78.631,41.068,,
2024/1/25 7:44:4.191,2,78.843,41.298,,
2024/1/25 7:41:4.454,2.7,78.616,41.137,,
2024/1/25 7:37:47.948,2.4,78.571,41.088,,
2024/1/25 7:36:30.343,2.3,78.783,41.365,,
2024/1/25 7:34:36.47,3,78.821,41.337,,
2024/1/25 7:27:47.744,3,78.612,41.069,,
2024/1/25 7:26:3.319,1.9,78.938,41.298,,
2024/1/25 7:22:18.417,3.2,78.633,41.044,,
2024/1/25 7:8:31.333,2.1,78.69,40.961,,
2024/1/25 6:54:5.707,2.1,78.614,41.098,,
2024/1/25 6:43:28.75,2,78.585,41.074,,
2024/1/25 6:21:37.727,5.3,78.617,41.074,,
2024/1/25 5:49:59.467,3.7,78.652,41.04,,
2024/1/25 5:43:30.887,2.7,78.84,41.35,,
2024/1/25 5:32:52.634,2.2,78.577,41.106,,
2024/1/25 5:28:37.931,2.1,86.888,43.927,,
2024/1/25 5:19:53.546,2.2,78.655,41.077,,
2024/1/25 5:19:22.118,2.3,78.735,41.037,,
2024/1/25 4:59:21.289,2.4,78.66,41.192,,
2024/1/25 4:50:46.012,2.7,78.592,41.125,,
2024/1/25 4:42:26.456,1.9,78.542,40.962,,
2024/1/25 4:38:11.641,3.2,78.474,41.086,,
2024/1/25 4:34:56.2,4.6,78.825,41.23,,
2024/1/25 4:28:32.608,1.9,78.571,40.925,,
2024/1/25 4:23:14.944,2.8,78.619,41.145,,
2024/1/25 4:22:9.925,2.4,78.546,40.995,,
2024/1/25 4:18:46.189,2.1,78.816,41.264,,
2024/1/25 4:11:48.879,3.6,78.53,41.012,,
2024/1/25 4:10:24.588,2.4,78.523,41.014,,
2024/1/25 4:4:50.625,4.8,78.551,41.001,,
2024/1/25 4:3:31.935,2.7,78.733,41.304,,
2024/1/25 3:59:45.112,4,78.623,41.107,,
2024/1/25 3:51:26.731,3.8,82.452,41.922,,
2024/1/25 3:50:17.721,2.1,78.605,41.085,,
2024/1/25 3:41:51.674,1.9,78.79,41.318,,
2024/1/25 3:33:15.399,4.1,78.622,41.149,,
2024/1/25 3:31:48.848,2.6,78.711,41.128,,
2024/1/25 3:22:58.619,1.9,78.816,41.307,,
2024/1/25 3:15:40.825,2.5,78.796,41.283,,
2024/1/25 2:53:21.286,1.9,78.772,41.307,,
2024/1/25 2:50:29.708,2.5,78.832,41.28,,
2024/1/25 2:45:8.979,4.2,78.836,41.284,,
2024/1/25 2:35:58.613,2.8,78.678,41.133,,
2024/1/25 2:34:23.007,3.2,78.614,41.102,,
2024/1/25 2:30:53.604,2.2,78.45,41.093,,
2024/1/25 2:26:51.964,2.3,78.61,41.106,,
2024/1/25 2:24:25.559,2.2,78.805,41.331,,
2024/1/25 2:23:27.834,2.4,78.723,41.005,,
2024/1/25 2:22:51.799,1.9,78.831,41.248,,
2024/1/25 2:6:19.476,2.2,78.794,41.283,,
2024/1/25 1:57:12.637,2.1,78.58,41.118,,
2024/1/25 1:48:57.349,3.7,78.645,41.087,,
2024/1/25 1:46:28.261,2,78.531,41.12,,
2024/1/25 1:32:44.612,1.9,78.649,41.076,,
2024/1/25 1:31:41.121,2,78.69,40.984,,
2024/1/25 1:28:20.735,1.9,78.706,41.297,,
2024/1/25 1:16:16.797,3.2,78.584,41.154,,
2024/1/25 1:14:26.426,3.3,78.676,41.07,,
2024/1/25 1:2:35.514,2,78.716,41.412,,
2024/1/25 0:57:29.529,2,78.931,41.373,,
2024/1/25 0:56:12.749,2.1,78.618,41.095,,
2024/1/25 0:52:13.215,2.5,78.761,41.315,,
2024/1/25 0:42:44.448,3.2,78.656,41.15,,
2024/1/25 0:38:39.244,3.6,78.643,41.068,,
2024/1/25 0:32:44.822,3.7,78.639,41.078,,
2024/1/25 0:28:15.416,2,78.834,41.196,,
2024/1/25 0:26:13.312,1.9,78.634,41.085,,
2024/1/25 0:20:3.013,3.8,78.652,41.088,,
2024/1/25 0:19:36.513,2,78.627,41.165,,
2024/1/25 0:10:47.831,2,78.917,41.271,,
2024/1/24 23:57:6.937,3,78.67,41.08,,
2024/1/24 23:54:5.555,2.2,78.715,41.299,,
2024/1/24 23:51:45.059,2.6,78.743,41.332,,
2024/1/24 23:48:57.601,2.6,78.576,41.098,,
2024/1/24 23:37:58.321,2.9,78.657,41.039,,
2024/1/24 23:35:16.006,2.1,83.082,42.706,,
2024/1/24 23:24:34.336,2.3,78.582,41.059,,
2024/1/24 23:23:54.469,2.2,78.653,40.991,,
2024/1/24 23:21:15.05,3.4,78.564,40.99,,
2024/1/24 23:12:39.937,2.2,78.794,41.104,,
2024/1/24 23:4:16.022,4.2,78.592,41.08,,
2024/1/24 23:1:11.589,4.5,78.636,41.169,,
2024/1/24 23:0:46.923,3,78.47,41.066,,
2024/1/24 22:55:14.558,2,78.662,41.027,,
2024/1/24 22:45:47.529,2.1,78.658,41.283,,
2024/1/24 22:33:17.999,2.9,78.71,41.458,,
2024/1/24 22:28:55.135,2.8,78.933,41.357,,
2024/1/24 22:24:9.75,2.2,78.794,41.33,,
2024/1/24 22:22:2.165,2.1,78.639,41.111,,
2024/1/24 21:30:50.145,2.2,78.744,41.242,,
2024/1/24 21:21:25.894,3.2,78.663,41.026,,
2024/1/24 21:19:48.735,2.2,78.533,41.122,,
2024/1/24 21:8:52.066,1.9,78.61,41.094,,
2024/1/24 21:4:37.168,2.3,78.838,41.315,,
2024/1/24 20:57:42.301,2.4,78.604,41.165,,
2024/1/24 20:55:41.753,2.1,78.632,41.103,,
2024/1/24 20:53:18.016,1.9,83.849,37.684,,
2024/1/24 20:47:34.101,2.5,78.574,41.125,,
2024/1/24 20:46:35.13,2.2,78.626,41.128,,
2024/1/24 20:45:6.836,2.2,78.966,41.358,,
2024/1/24 20:40:43.959,1.9,78.75,41.329,,
2024/1/24 20:40:4.656,2.1,79.65,35.903,,
2024/1/24 20:36:26.564,3.6,78.794,41.291,,
2024/1/24 20:33:4.464,3.4,78.788,41.309,,
2024/1/24 20:30:21.188,2.5,78.605,41.089,,
2024/1/24 20:26:43.296,3.4,78.611,41.147,,
2024/1/24 20:24:50.648,1.9,78.793,40.72,,
2024/1/24 20:24:19.862,2,78.759,41.269,,
2024/1/24 20:12:46.832,2.8,78.664,41.095,,
2024/1/24 20:10:39.078,2.8,78.776,41.257,,
2024/1/24 20:3:38.576,1.9,78.746,41.255,,
2024/1/24 19:55:36.908,2,78.664,40.967,,
2024/1/24 19:53:2.987,2.7,78.661,41.068,,
2024/1/24 19:43:53.474,1.9,78.761,41.234,,
2024/1/24 19:39:56.694,2.2,78.755,41.279,,
2024/1/24 19:36:53.02,1.9,78.811,41.267,,
2024/1/24 19:24:24.933,1.9,78.806,41.275,,
2024/1/24 19:23:40.519,2.3,78.753,41.297,,
2024/1/24 19:21:50.629,1.9,78.708,40.974,,
2024/1/24 19:9:24.033,2.3,78.616,41.104,,
2024/1/24 19:3:0.945,3.2,78.861,41.261,,
2024/1/24 19:2:27.035,1.9,78.739,41.275,,
2024/1/24 18:54:8.492,1.9,78.685,41.08,,
2024/1/24 18:54:3.929,2.2,83.46,43.454,,
2024/1/24 18:50:40.091,3,78.633,41.074,,
2024/1/24 18:49:25.831,2,78.799,41.254,,
2024/1/24 18:48:42.059,2,78.587,40.883,,
2024/1/24 18:45:9.192,2.2,78.635,41.081,,
2024/1/24 18:43:23.28,1.9,78.634,41.119,,
2024/1/24 18:40:47.118,2.8,78.63,41.091,,
2024/1/24 18:20:4.159,2.4,78.495,40.932,,
2024/1/24 18:19:22.87,2,78.693,41.119,,
2024/1/24 18:13:4.945,3.5,78.666,41.144,,
2024/1/24 18:9:48.369,2.2,78.596,41.177,,
2024/1/24 18:4:10.9,3.2,78.654,41.061,,
2024/1/24 18:2:1.134,2.8,78.618,41.121,,
2024/1/24 18:1:4.131,2,78.509,41.08,,
2024/1/24 17:57:45.952,2.4,78.628,41.147,,
2024/1/24 17:56:42.786,2.5,78.651,41.041,,
2024/1/24 17:54:31.785,2.7,78.642,41.043,,
2024/1/24 17:52:53.236,2.9,78.57,41.105,,
2024/1/24 17:50:19.806,1.9,78.66,41.059,,
2024/1/24 17:44:50.769,2.8,78.793,41.338,,
2024/1/24 17:43:12.597,4,78.59,41.121,,
2024/1/24 17:32:52.856,2.4,78.744,41.156,,
2024/1/24 17:30:23.042,3.7,78.767,41.134,,
2024/1/24 17:30:9.298,2.7,78.6,41.32,,
2024/1/24 17:29:11.699,2,78.79,41.273,,
2024/1/24 17:27:48.334,2.6,78.597,41.125,,
2024/1/24 17:21:34.038,1.9,78.618,41.066,,
2024/1/24 17:16:38.732,2.9,78.653,41.111,,
2024/1/24 17:16:18.456,1.9,78.534,41.123,,
2024/1/24 17:10:30.392,2.1,78.598,41.121,,
2024/1/24 16:55:12.241,3,78.649,41.11,,
2024/1/24 16:43:46.905,2.1,78.591,41.259,,
2024/1/24 16:40:33.15,2.2,78.709,40.938,,
2024/1/24 16:39:34.318,2.2,78.671,41.064,,
2024/1/24 16:29:19.906,2,78.659,41.065,,
2024/1/24 16:18:56.749,1.9,88.057,43.682,,
2024/1/24 16:16:44.895,2.5,78.801,41.343,,
2024/1/24 16:16:18.194,2.1,78.67,41.21,,
2024/1/24 16:11:41.562,2,78.668,41.053,,
2024/1/24 16:10:35.528,2.4,78.751,41.311,,
2024/1/24 16:6:53.276,2.3,78.544,41.265,,
2024/1/24 16:3:51.591,4,78.637,41.082,,
2024/1/24 16:2:1.567,2.4,78.708,41.191,,
2024/1/24 15:53:38.793,2.9,78.576,41.122,,
2024/1/24 15:50:57.994,2.3,78.995,41.311,,
2024/1/24 15:47:56.809,2.8,78.93,41.363,,
2024/1/24 15:47:8.472,2.1,78.925,41.499,,
2024/1/24 15:45:18.858,3.2,78.65,41.073,,
2024/1/24 15:36:39.863,2.6,78.619,41.212,,
2024/1/24 15:35:22.502,3.3,78.619,41.227,,
2024/1/24 15:34:16.153,2.9,78.628,41.171,,
2024/1/24 15:33:39.013,2.3,78.616,41.223,,
2024/1/24 15:27:42.364,2,78.611,41.147,,
2024/1/24 15:20:27.883,2.9,78.645,41.176,,
2024/1/24 15:12:50.261,2.3,78.823,41.249,,
2024/1/24 15:10:7.429,2.8,78.644,41.07,,
2024/1/24 15:4:13.777,3.6,78.623,41.108,,
2024/1/24 14:51:16.613,3.6,78.742,41.179,,
2024/1/24 14:48:29.326,2.7,78.569,41.103,,
2024/1/24 14:42:7.162,2.9,78.685,41.081,,
2024/1/24 14:39:46.146,1.9,78.624,41.087,,
2024/1/24 14:29:31.595,3.9,78.816,41.212,,
2024/1/24 14:18:27.251,1.9,78.676,41.124,,
2024/1/24 14:10:39.235,3.2,78.604,41.164,,
2024/1/24 14:5:49.992,3.5,78.591,41.124,,
2024/1/24 14:2:41.924,2,78.787,41.337,,
2024/1/24 13:58:59.094,2.5,78.589,41.166,,
2024/1/24 13:56:30.704,2.1,78.619,41.086,,
2024/1/24 13:36:34.077,2.5,78.841,41.284,,
2024/1/24 13:30:38.304,2.1,78.769,41.215,,
2024/1/24 13:22:3.493,2,78.89,41.374,,
2024/1/24 13:14:32.397,3.2,78.639,41.078,,
2024/1/24 13:11:27.141,3,78.622,41.045,,
2024/1/24 12:58:15.826,3.7,78.68,41.08,,
2024/1/24 12:48:25.138,2.8,78.639,41.086,,
2024/1/24 12:43:33.389,2.6,78.713,41.245,,
2024/1/24 12:39:45.169,2.7,78.62,41.11,,
2024/1/24 12:38:59.93,2,78.604,41.052,,
2024/1/24 12:29:4.225,2.2,78.683,40.938,,
2024/1/24 12:20:41.876,2,78.574,41.137,,
2024/1/24 12:17:30.016,2.9,77.05,40.406,,
2024/1/24 12:5:28.063,2.4,78.627,41.131,,
2024/1/24 11:56:21.507,3.8,78.618,41.078,,
2024/1/24 11:54:45.723,2.5,78.772,41.221,,
2024/1/24 11:52:15.483,2.1,78.723,41.342,,
2024/1/24 11:45:55.557,2.3,78.744,40.862,,
2024/1/24 11:38:24.134,2.3,78.557,41.123,,
2024/1/24 11:37:40.575,2,78.482,41.057,,
2024/1/24 11:34:58.363,2.1,78.519,41.17,,
2024/1/24 11:34:38.815,2.2,78.8,41.311,,
2024/1/24 11:33:45.35,2.6,78.653,41.067,,
2024/1/24 11:31:7.078,1.9,78.669,40.984,,
2024/1/24 11:24:48.604,3.4,78.635,41.121,,
2024/1/24 11:23:1.432,2.9,78.653,41.04,,
2024/1/24 11:14:47.992,2.3,78.77,41.344,,
2024/1/24 11:10:37.998,2.5,78.849,41.277,,
2024/1/24 11:5:14.389,1.9,78.678,41.04,,
2024/1/24 10:53:53.813,4.2,78.617,41.059,,
2024/1/24 10:51:39.372,2.7,78.596,41.115,,
2024/1/24 10:46:30.173,2.8,78.954,41.352,,
2024/1/24 10:44:46.939,2.3,78.75,41.327,,
2024/1/24 10:43:55.638,2.6,78.799,41.261,,
2024/1/24 10:43:48.516,2.4,78.324,41.085,,
2024/1/24 10:42:15.626,2.1,78.743,41.047,,
2024/1/24 10:33:44.766,2,78.745,41.333,,
2024/1/24 10:26:45.445,1.8,78.864,41.255,,
2024/1/24 10:19:59.089,2.3,78.773,41.196,,
2024/1/24 10:16:31.02,4.1,78.67,41.124,,
2024/1/24 10:15:1.951,3.3,78.47,41.021,,
2024/1/24 10:11:36.202,2,78.619,41.106,,
2024/1/24 10:8:13.562,2.4,78.587,41.122,,
2024/1/24 10:7:50.582,2.7,78.814,41.301,,
2024/1/24 10:6:15.826,2,78.672,41.044,,
2024/1/24 10:2:52.618,3.4,78.831,41.223,,
2024/1/24 9:59:13.148,3.7,78.799,41.302,,
2024/1/24 9:44:51.389,3,78.72,41.334,,
2024/1/24 9:44:32.509,2.2,78.66,41.059,,
2024/1/24 9:38:25.057,2.2,78.793,41.255,,
2024/1/24 9:35:12.017,4.3,78.8,41.295,,
2024/1/24 9:32:56.516,1.9,78.735,41.146,,
2024/1/24 9:27:47.892,2.5,78.659,41.059,,
2024/1/24 9:20:31.525,2,78.537,41.076,,
2024/1/24 9:13:47.133,2.5,78.683,40.994,,
2024/1/24 9:7:18.856,2,78.77,41.234,,
2024/1/24 9:5:47.201,2.9,78.84,41.273,,
2024/1/24 9:5:11.346,1.9,78.718,41.164,,
2024/1/24 9:3:59.953,2.5,78.804,41.299,,
2024/1/24 9:0:7.177,2.1,78.561,41.108,,
2024/1/24 8:58:29.448,1.9,78.93,41.363,,
2024/1/24 8:51:29.775,2.9,78.772,41.13,,
2024/1/24 8:50:41.059,2.3,78.591,41.084,,
2024/1/24 8:49:59.201,2.1,78.75,41.317,,
2024/1/24 8:49:2.167,2.3,78.669,41.019,,
2024/1/24 8:44:40.543,2.5,78.618,41.131,,
2024/1/24 8:41:47.646,2.5,78.652,41.055,,
2024/1/24 8:39:33.06,2.7,78.613,41.169,,
2024/1/24 8:32:32.97,3.4,78.655,41.044,,
2024/1/24 8:21:34.519,2.1,78.585,41.057,,
2024/1/24 8:15:10.309,2.2,78.607,41.064,,
2024/1/24 8:14:11.026,2.8,78.746,41.162,,
2024/1/24 8:5:10.029,1.9,78.672,41.152,,
2024/1/24 8:0:49.635,1.9,78.474,41.06,,
2024/1/24 7:54:36.767,3.8,78.622,41.127,,
2024/1/24 7:49:53.989,4.2,78.551,41.117,,
2024/1/24 7:47:2.887,2.5,78.8,41.295,,
2024/1/24 7:45:10.561,2.2,78.614,41.08,,
2024/1/24 7:37:10.554,2.2,78.662,41.07,,
2024/1/24 7:35:54.479,1.9,78.599,41.14,,
2024/1/24 7:32:59.843,2.2,78.552,40.693,,
2024/1/24 7:27:37.076,4,78.892,41.233,,
2024/1/24 7:21:2.845,3.5,78.798,41.277,,
2024/1/24 7:10:21.353,2.2,78.856,41.176,,
2024/1/24 7:6:48.915,2.5,78.697,40.904,,
2024/1/24 7:4:51.603,2.4,78.468,41.097,,
2024/1/24 6:57:52.585,1.9,78.84,41.067,,
2024/1/24 6:44:19.815,3,78.634,41.086,,
2024/1/24 6:42:34.994,3.4,78.67,41.123,,
2024/1/24 6:39:42.26,3.3,78.676,41.071,,
2024/1/24 6:30:17.682,4,78.855,41.163,,
2024/1/24 6:26:6.982,3.2,78.642,41.089,,
2024/1/24 6:23:23.968,3.8,78.618,41.106,,
2024/1/24 6:21:17.239,2.8,78.712,41.325,,
2024/1/24 6:13:15.408,1.8,78.532,41.126,,
2024/1/24 6:3:45.301,3.4,78.637,41.081,,
2024/1/24 5:55:19.619,3,78.794,41.32,,
2024/1/24 5:50:42.344,4.3,78.802,41.266,,
2024/1/24 5:49:45.654,3.6,78.681,41.076,,
2024/1/24 5:47:1.806,3,78.641,41.076,,
2024/1/24 5:44:45.845,3.1,78.604,41.081,,
2024/1/24 5:40:33.305,2.5,78.595,41.172,,
2024/1/24 5:39:48.77,2.8,78.642,41.065,,
2024/1/24 5:36:19.33,1.9,78.688,40.943,,
2024/1/24 5:32:22.739,3.3,78.589,41.081,,
2024/1/24 5:29:2.676,2,78.61,41.228,,
2024/1/24 5:26:50.653,2,78.763,41.311,,
2024/1/24 5:23:28.159,2.1,78.575,41.134,,
2024/1/24 5:19:8.47,2.2,78.717,41.131,,
2024/1/24 5:17:5.179,2.7,85.794,43.89,,
2024/1/24 5:0:43.951,2.3,78.617,41.086,,
2024/1/24 4:56:53.345,2,78.781,40.819,,
2024/1/24 4:50:36.142,2.5,78.612,41.203,,
2024/1/24 4:48:8.391,2.6,78.756,41.313,,
2024/1/24 4:47:34.172,2.3,78.701,40.915,,
2024/1/24 4:44:16.05,2.8,78.582,41.084,,
2024/1/24 4:38:10.524,5.4,78.668,41.069,,
2024/1/24 4:33:18.969,2.3,78.968,41.352,,
2024/1/24 4:23:56.633,1.9,78.853,41.277,,
2024/1/24 4:20:46.426,3.7,78.677,41.044,,
2024/1/24 4:19:28.022,2,78.584,41.125,,
2024/1/24 4:16:5.177,2.6,78.453,41.09,,
2024/1/24 4:14:25.78,1.9,78.567,41.102,,
2024/1/24 4:11:33.186,1.9,78.422,41.066,,
2024/1/24 4:7:1.842,3.5,78.564,41.101,,
2024/1/24 3:58:56.024,2.1,78.627,41.223,,
2024/1/24 3:54:53.908,2.6,78.669,41.061,,
2024/1/24 3:53:34.673,2,78.704,40.882,,
2024/1/24 3:49:25.122,2.6,78.431,41.084,,
2024/1/24 3:45:29.052,2.4,78.412,41.126,,
2024/1/24 3:40:14.125,3.9,78.447,41.124,,
2024/1/24 3:38:43.856,3.8,78.641,41.087,,
2024/1/24 3:31:9.012,2.6,78.664,41.077,,
2024/1/24 3:29:28.04,2,78.596,41.275,,
2024/1/24 3:27:8.544,3.5,78.622,41.112,,
2024/1/24 3:20:6.934,3.9,78.801,41.264,,
2024/1/24 3:11:35.905,4.1,78.75,41.238,,
2024/1/24 3:8:48.067,2.5,78.592,41.125,,
2024/1/24 3:6:11.599,1.9,78.791,41.298,,
2024/1/24 3:2:58.524,2.3,78.687,41.07,,
2024/1/24 2:56:47.432,2.4,78.933,41.313,,
2024/1/24 2:56:13.187,2.2,78.555,41.066,,
2024/1/24 2:54:38.197,2.1,78.732,40.993,,
2024/1/24 2:50:7.616,3.3,78.699,41.162,,
2024/1/24 2:43:35.146,2.7,78.648,41.085,,
2024/1/24 2:27:48.213,3.2,78.8,41.284,,
2024/1/24 2:27:21.892,2.6,78.65,41.058,,
2024/1/24 2:8:56.154,3.1,78.644,41.095,,
2024/1/24 2:0:8.473,3.3,78.715,41.096,,
2024/1/24 1:58:4.22,1.9,78.633,41.1,,
2024/1/24 1:54:7.094,3.2,78.624,41.124,,
2024/1/24 1:48:45.13,3.9,78.167,40.833,,
2024/1/24 1:46:32.686,2.3,78.74,41.329,,
2024/1/24 1:31:29.257,2.1,78.629,41.094,,
2024/1/24 1:27:33.019,2.5,78.721,40.999,,
2024/1/24 1:17:45.654,3,78.621,41.104,,
2024/1/24 1:8:33.91,3.2,78.774,41.129,,
2024/1/24 1:1:7.636,2.3,78.812,41.403,,
2024/1/24 0:50:48.979,2.9,78.61,41.118,,
2024/1/24 0:47:36.783,2,78.879,41.331,,
2024/1/24 0:42:53.74,2,78.989,40.861,,
2024/1/24 0:33:20.452,2.4,78.718,41.334,,
2024/1/24 0:31:39.34,2,78.857,41.358,,
2024/1/24 0:29:17.627,1.9,78.698,41.329,,
2024/1/24 0:28:27.803,2,78.778,40.841,,
2024/1/24 0:26:7.346,2,78.572,41.108,,
2024/1/24 0:24:54.525,1.9,78.547,41.08,,
2024/1/24 0:23:49.457,1.9,81.041,42.918,,
2024/1/24 0:19:59.34,2,78.482,41.016,,
2024/1/24 0:17:8.092,2.3,78.576,41.251,,
2024/1/24 0:13:50.768,2.1,78.928,41.326,,
2024/1/24 0:12:19.131,2.3,78.783,41.338,,
2024/1/24 0:11:22.977,1.9,78.732,41.199,,
2024/1/24 0:2:48.054,2.9,88.744,43.316,,
2024/1/24 0:1:58.833,2.7,78.527,41.119,,
2024/1/23 23:58:51.996,2.6,78.752,41.306,,
2024/1/23 23:52:4.854,2.8,78.73,41.299,,
2024/1/23 23:41:15.975,2.3,78.87,41.274,,
2024/1/23 23:36:55.712,2.6,78.611,41.094,,
2024/1/23 23:31:16.027,2.4,78.752,41.333,,
2024/1/23 23:30:19.385,4.7,83.959,40.938,,
2024/1/23 23:19:48.155,2.2,78.638,41.11,,
2024/1/23 23:9:4.582,2.8,78.791,41.308,,
2024/1/23 23:7:37.401,2.4,78.531,41.001,,
2024/1/23 22:48:21.948,2.8,78.833,41.216,,
2024/1/23 22:46:15.913,2.3,78.551,41.12,,
2024/1/23 22:41:31.296,2.1,78.573,41.147,,
2024/1/23 22:38:53.307,2.2,78.76,41.274,,
2024/1/23 22:37:43.484,2.5,78.634,41.129,,
2024/1/23 22:34:31.687,2.3,78.609,41.104,,
2024/1/23 22:30:37.131,2.1,78.761,41.309,,
2024/1/23 22:28:26.546,2.3,78.704,41.145,,
2024/1/23 22:26:47.322,2,78.569,41.085,,
2024/1/23 22:23:28.692,2.3,78.879,41.369,,
2024/1/23 22:10:55.157,2.5,77.891,40.183,,
2024/1/23 22:8:51.307,3.9,78.687,41.091,,
2024/1/23 22:8:26.513,3,78.628,41.183,,
2024/1/23 22:7:35.548,2.6,78.605,41.082,,
2024/1/23 21:59:57.659,2.7,78.582,41.208,,
2024/1/23 21:56:41.225,2.1,78.689,36.7,,
2024/1/23 21:55:10.973,2.8,78.618,41.131,,
2024/1/23 21:54:15.256,2.2,78.672,41.096,,
2024/1/23 21:47:8.474,4.1,78.625,41.163,,
2024/1/23 21:45:1.842,2.3,78.795,41.28,,
2024/1/23 21:42:44.923,2.3,78.758,41.269,,
2024/1/23 21:38:47.868,2,78.982,41.317,,
2024/1/23 21:37:33.035,2.6,78.72,41.271,,
2024/1/23 21:35:55.898,2.1,78.795,41.244,,
2024/1/23 21:26:30.279,3,78.725,41.026,,
2024/1/23 21:26:5.641,2.2,78.774,41.206,,
2024/1/23 21:23:23.456,2.1,78.763,40.886,,
2024/1/23 21:21:37.782,2.6,78.603,41.097,,
2024/1/23 21:17:17.479,2.2,78.79,41.341,,
2024/1/23 21:15:36.107,3.5,78.614,41.128,,
2024/1/23 21:13:25.134,2.3,78.57,41.115,,
2024/1/23 21:0:41.393,2,78.552,41.164,,
2024/1/23 20:52:2.856,1.9,78.641,41.166,,
2024/1/23 20:51:9.402,2.2,78.581,41.139,,
2024/1/23 20:48:29.731,3,78.723,41,,
2024/1/23 20:48:8.58,2.2,78.733,41.285,,
2024/1/23 20:45:15.323,3.1,78.637,41.171,,
2024/1/23 20:43:18.767,2.1,79.189,41.081,,
2024/1/23 20:40:21.443,2,78.764,41.266,,
2024/1/23 20:39:32.593,2.1,78.777,41.316,,
2024/1/23 20:36:52.841,2.3,78.611,41.193,,
2024/1/23 20:34:32.45,1.9,78.596,41.179,,
2024/1/23 20:31:20.931,2.3,78.863,41.269,,
2024/1/23 20:28:30.293,2.1,78.634,41.045,,
2024/1/23 20:24:53.668,3.5,78.572,41.088,,
2024/1/23 20:22:3.485,3.7,78.779,41.245,,
2024/1/23 20:18:17.622,2.7,78.635,41.076,,
2024/1/23 20:15:44.914,2.4,78.655,41.153,,
2024/1/23 20:14:19.014,2.6,78.759,41.322,,
2024/1/23 20:9:16.575,4.7,78.924,41.297,,
2024/1/23 20:6:48.468,2.4,82.368,43.594,,
2024/1/23 20:5:36.555,3.5,78.681,41.079,,
2024/1/23 19:59:57.928,3.2,78.656,41.134,,
2024/1/23 19:58:25.376,2.9,78.722,41.179,,
2024/1/23 19:57:10.209,2,78.564,41.128,,
2024/1/23 19:56:48.961,2.1,78.768,41.313,,
2024/1/23 19:52:26.319,3.2,78.91,41.301,,
2024/1/23 19:46:4.03,2.5,78.545,41.041,,
2024/1/23 19:43:15.657,2.3,75.602,39.12,,
2024/1/23 19:43:12.95,2.5,78.984,40.963,,
2024/1/23 19:39:37.328,2.8,78.866,41.297,,
2024/1/23 19:31:32.344,3.6,78.669,41.051,,
2024/1/23 19:31:5.369,2.2,78.63,41.066,,
2024/1/23 19:25:29.084,1.8,78.613,41.206,,
2024/1/23 19:24:5.533,2,78.661,41.105,,
2024/1/23 19:20:0.398,2.7,83.804,41.403,,
2024/1/23 19:18:50.625,3.2,78.626,41.316,,
2024/1/23 19:18:9.321,2.1,78.702,41.017,,
2024/1/23 19:16:8.48,1.9,78.96,40.916,,
2024/1/23 19:10:41.853,2.3,78.788,41.295,,
2024/1/23 19:6:51.277,4.2,78.876,41.307,,
2024/1/23 19:5:55.648,1.8,78.799,41.285,,
2024/1/23 18:57:34.485,2.2,78.721,41.273,,
2024/1/23 18:54:25.53,2.5,78.655,41.078,,
2024/1/23 18:52:45.636,2.4,78.671,41.5,,
2024/1/23 18:51:23.98,2.6,78.771,41.26,,
2024/1/23 18:50:32.22,2.1,78.698,41.018,,
2024/1/23 18:45:14.653,2.2,78.579,41.182,,
2024/1/23 18:42:18.687,2.5,78.907,41.469,,
2024/1/23 18:37:14.274,2,78.76,41.288,,
2024/1/23 18:29:10.916,2.8,78.953,41.44,,
2024/1/23 18:28:7.32,2.5,78.686,41.301,,
2024/1/23 18:22:50.324,2.2,78.679,40.945,,
2024/1/23 18:18:34.512,2.3,78.62,41.12,,
2024/1/23 18:17:30.437,2.4,78.616,41.103,,
2024/1/23 18:16:32.494,2.1,78.674,41.095,,
2024/1/23 18:11:50.113,2.7,78.567,41.136,,
2024/1/23 18:10:26.178,2.2,78.847,40.825,,
2024/1/23 18:9:30.574,2.4,78.77,40.984,,
2024/1/23 18:5:55.936,3.7,78.656,41.131,,
2024/1/23 18:2:43.317,1.8,78.619,40.755,,
2024/1/23 18:1:7.765,2.5,78.603,41.104,,
2024/1/23 17:54:2.603,2.4,78.803,41.225,,
2024/1/23 17:47:18.296,3.8,78.675,41.07,,
2024/1/23 17:46:54.549,1.9,78.606,41.065,,
2024/1/23 17:46:2.812,2.5,78.657,41.095,,
2024/1/23 17:41:50.845,2.1,78.908,41.367,,
2024/1/23 17:40:20.996,3.2,78.651,41.062,,
2024/1/23 17:38:34.668,2.9,78.576,41.139,,
2024/1/23 17:32:37.305,3.1,78.918,41.301,,
2024/1/23 17:24:48.565,4.3,78.813,41.312,,
2024/1/23 17:23:20.133,4.4,78.623,41.099,,
2024/1/23 17:21:31.052,2.5,78.727,41.306,,
2024/1/23 17:18:56.346,2.9,78.592,41.106,,
2024/1/23 17:18:25.857,2,78.826,40.895,,
2024/1/23 17:17:58.593,3.4,84.983,46.778,,
2024/1/23 17:17:36.365,2,78.73,41.421,,
2024/1/23 17:15:35.685,2.5,78.776,41.302,,
2024/1/23 17:13:7.326,3,78.711,41.291,,
2024/1/23 17:10:10.616,4.1,78.653,41.084,,
2024/1/23 17:7:9.585,4.7,78.678,41.09,,
2024/1/23 16:56:38.039,2.9,78.528,40.895,,
2024/1/23 16:55:14.936,2.3,78.284,40.999,,
2024/1/23 16:53:8.468,2.6,78.619,41.175,,
2024/1/23 16:47:44.674,2.5,78.428,40.978,,
2024/1/23 16:41:26.651,3,78.954,41.352,,
2024/1/23 16:39:50.617,2.3,78.754,41.354,,
2024/1/23 16:37:39.022,3,78.609,41.112,,
2024/1/23 16:35:31.451,2.5,83.748,43.951,,
2024/1/23 16:31:32.803,3.6,78.648,41.148,,
2024/1/23 16:16:19.385,2.3,78.705,40.926,,
2024/1/23 16:8:37.741,2.5,78.611,41.106,,
2024/1/23 16:5:35.48,2.5,77.961,40.766,,
2024/1/23 16:2:25.55,2.5,78.501,40.762,,
2024/1/23 15:59:5.311,1.9,78.684,41.076,,
2024/1/23 15:56:50.707,2,79.231,40.81,,
2024/1/23 15:56:1.446,2.2,78.81,41.412,,
2024/1/23 15:53:16.952,3.3,78.615,41.148,,
2024/1/23 15:52:43.419,2.2,78.538,41.088,,
2024/1/23 15:49:16.442,2.2,78.782,41.217,,
2024/1/23 15:47:27.574,2,78.799,41.252,,
2024/1/23 15:45:7.825,2.2,78.736,41.347,,
2024/1/23 15:43:59.492,2.6,78.638,41.168,,
2024/1/23 15:42:14.935,2,78.614,41.147,,
2024/1/23 15:39:40.086,2.2,78.61,41.146,,
2024/1/23 15:38:11.466,2.7,78.638,41.082,,
2024/1/23 15:33:47.013,2.4,78.53,40.964,,
2024/1/23 15:31:50.42,3.5,78.675,41.046,,
2024/1/23 15:31:9.386,2,78.664,41.181,,
2024/1/23 15:19:16.812,4.1,78.576,41.098,,
2024/1/23 15:15:56.22,3.1,78.611,41.101,,
2024/1/23 15:15:8.695,2.5,78.882,41.237,,
2024/1/23 15:12:20.061,3.4,78.574,41.099,,
2024/1/23 15:10:25.844,2.4,78.615,41.125,,
2024/1/23 15:6:36.326,3.9,78.596,41.087,,
2024/1/23 15:2:18.059,2.7,78.69,41.082,,
2024/1/23 15:0:7.279,2.1,78.572,41.223,,
2024/1/23 14:56:21.907,3.2,78.621,41.095,,
2024/1/23 14:54:49.981,3,78.979,41.432,,
2024/1/23 14:53:24.329,3.5,78.646,41.114,,
2024/1/23 14:50:37.792,3.1,78.701,41.148,,
2024/1/23 14:48:23.333,2.7,78.637,41.081,,
2024/1/23 14:47:18.67,2.1,78.53,41.036,,
2024/1/23 14:45:24.528,3.6,78.774,41.292,,
2024/1/23 14:43:43.552,2.5,78.607,41.076,,
2024/1/23 14:41:3.925,4,78.653,41.099,,
2024/1/23 14:40:51.431,2.2,78.739,41.302,,
2024/1/23 14:39:22.235,2.4,78.619,41.127,,
2024/1/23 14:38:0.815,2.4,78.625,41.112,,
2024/1/23 14:30:35.579,2.7,78.618,41.081,,
2024/1/23 14:29:7.486,2.1,78.624,41.076,,
2024/1/23 14:24:7.76,1.9,78.727,41.255,,
2024/1/23 14:22:39.691,2.3,78.599,41.155,,
2024/1/23 14:21:43.949,2.1,78.466,41.071,,
2024/1/23 14:19:57.612,3.2,78.422,41.184,,
2024/1/23 14:18:6.925,3.2,78.846,41.215,,
2024/1/23 14:17:44.037,3.4,78.634,41.085,,
2024/1/23 14:12:15.67,2.1,78.579,41.171,,
2024/1/23 14:10:34.305,2.4,78.757,41.308,,
2024/1/23 14:5:57.304,3.4,78.587,41.081,,
2024/1/23 13:54:30.324,3.1,78.64,41.116,,
2024/1/23 13:52:35.378,2.4,78.697,40.942,,
2024/1/23 13:46:10.597,3.5,78.751,41.336,,
2024/1/23 13:43:51.515,2.9,78.555,40.889,,
2024/1/23 13:40:46.956,2.3,78.758,41.322,,
2024/1/23 13:28:25.312,2.7,78.612,41.111,,
2024/1/23 13:27:44.291,2.8,78.591,41.127,,
2024/1/23 13:26:41.857,2,78.605,41.14,,
2024/1/23 13:21:57.501,3,78.554,41.122,,
2024/1/23 13:20:41.103,1.9,78.645,41.08,,
2024/1/23 13:15:35.984,2.3,78.697,40.896,,
2024/1/23 13:13:57.661,1.9,78.637,41.124,,
2024/1/23 13:10:11.257,2.3,78.379,41.431,,
2024/1/23 13:4:44.463,2,78.648,41.075,,
2024/1/23 13:2:39.204,2.4,78.578,41.125,,
2024/1/23 12:59:39.284,3.1,78.702,41.309,,
2024/1/23 12:58:2.728,3.5,78.773,41.306,,
2024/1/23 12:56:43.459,3.3,78.687,41.073,,
2024/1/23 12:55:39.182,3.2,78.511,40.998,,
2024/1/23 12:53:35.382,2.2,78.793,41.257,,
2024/1/23 12:50:50.492,2.8,78.515,41.18,,
2024/1/23 12:48:48.623,3,78.748,41.246,,
2024/1/23 12:48:4.982,2.4,78.792,41.252,,
2024/1/23 12:41:53.155,3.3,78.63,41.089,,
2024/1/23 12:40:56.358,2.4,78.698,41.074,,
2024/1/23 12:38:7.743,2.2,78.594,41.22,,
2024/1/23 12:32:25.462,2.8,78.405,41.2,,
2024/1/23 12:24:16.09,2.4,78.594,41.131,,
2024/1/23 12:21:21.612,3.6,78.755,41.188,,
2024/1/23 12:20:49.786,2,78.661,41.017,,
2024/1/23 12:18:35.621,2.7,78.738,41.342,,
2024/1/23 12:18:4.528,2.3,78.704,41.238,,
2024/1/23 12:13:30.743,3.9,78.594,41.083,,
2024/1/23 12:11:34.301,2.1,78.698,41.285,,
2024/1/23 12:6:29.804,1.9,79.07,40.86,,
2024/1/23 12:1:21.255,4.9,78.793,41.305,,
2024/1/23 11:55:16.929,2.5,78.709,41.328,,
2024/1/23 11:52:13.978,4.4,78.804,41.278,,
2024/1/23 11:50:10.713,2,78.558,41.085,,
2024/1/23 11:48:1.562,2.7,78.575,41.098,,
2024/1/23 11:47:27.363,2,78.592,41.124,,
2024/1/23 11:46:13.119,2.2,78.629,41.08,,
2024/1/23 11:45:29.623,2.9,78.616,41.103,,
2024/1/23 11:41:2.299,1.9,79.039,41.466,,
2024/1/23 11:36:53.801,3,78.486,41.106,,
2024/1/23 11:36:25.155,3.1,78.669,41.098,,
2024/1/23 11:33:57.412,3.3,78.62,41.109,,
2024/1/23 11:32:6.852,2.5,78.766,41.303,,
2024/1/23 11:25:22.153,2.9,78.949,41.265,,
2024/1/23 11:19:2.207,3.3,78.848,41.233,,
2024/1/23 11:16:56.244,3.4,78.729,41.218,,
2024/1/23 11:15:41.353,3.5,78.742,41.235,,
2024/1/23 11:14:51.29,3.1,78.617,41.098,,
2024/1/23 11:9:4.415,3.1,78.751,41.237,,
2024/1/23 11:4:35.928,3.3,78.772,41.304,,
2024/1/23 11:2:28.138,2.3,78.577,41.135,,
2024/1/23 11:0:35.027,2.7,78.598,41.216,,
2024/1/23 10:58:34.808,3.5,78.591,41.17,,
2024/1/23 10:58:8.367,3.2,78.802,40.858,,
2024/1/23 10:56:47.547,2.9,78.594,41.13,,
2024/1/23 10:49:20.042,2,78.742,41.042,,
2024/1/23 10:46:57.062,3.9,78.691,41.089,,
2024/1/23 10:41:11.656,3.2,78.633,41.107,,
2024/1/23 10:38:36.774,3.3,78.824,41.275,,
2024/1/23 10:34:9.51,2.3,78.855,40.955,,
2024/1/23 10:31:53.63,2.7,78.635,41.13,,
2024/1/23 10:30:31.737,2.7,78.675,41.114,,
2024/1/23 10:28:21.004,2.8,78.837,41.246,,
2024/1/23 10:24:54.909,2,78.616,41.122,,
2024/1/23 10:21:4.278,3.5,78.769,41.255,,
2024/1/23 10:19:3.396,2.1,78.693,41.222,,
2024/1/23 10:15:59.905,3,78.759,41.313,,
2024/1/23 10:11:22.061,4,78.571,41.126,,
2024/1/23 10:8:45.546,3.9,78.79,41.26,,
2024/1/23 10:4:8.757,2.4,78.634,41.208,,
2024/1/23 9:58:31.357,4,78.683,41.084,,
2024/1/23 9:52:55.813,3.8,78.725,41.266,,
2024/1/23 9:52:1.231,4.1,78.942,41.347,,
2024/1/23 9:48:52.221,2.7,78.613,41.103,,
2024/1/23 9:43:14.186,3.3,78.654,41.063,,
2024/1/23 9:40:16.285,3.6,87.859,37.493,,
2024/1/23 9:38:48.735,2.3,78.62,40.963,,
2024/1/23 9:36:49.574,3.8,78.412,41.081,,
2024/1/23 9:33:43.805,2.4,78.61,41.146,,
2024/1/23 9:32:25.365,2.6,78.784,40.899,,
2024/1/23 9:30:5.875,2.9,78.732,41.035,,
2024/1/23 9:29:23.647,2,78.669,41.108,,
2024/1/23 9:26:47.12,2.1,78.751,40.875,,
2024/1/23 9:18:35.729,5.3,78.829,41.21,,
2024/1/23 9:17:1.325,2.4,78.679,41.171,,
2024/1/23 9:12:44.998,2.5,78.732,41.302,,
2024/1/23 9:11:16.001,2.6,78.794,40.842,,
2024/1/23 9:9:41.076,3.5,78.571,41.062,,
2024/1/23 9:6:49.135,3,78.705,41.211,,
2024/1/23 9:5:45.332,1.9,78.608,41.243,,
2024/1/23 9:3:48.419,2.1,78.71,41.309,,
2024/1/23 9:2:38.074,2.2,78.8,40.86,,
2024/1/23 9:1:47.057,2.1,78.79,41.091,,
2024/1/23 9:1:5.028,2,78.588,41.179,,
2024/1/23 8:59:49.057,2.8,78.748,41.283,,
2024/1/23 8:58:27.055,2.2,78.728,41.168,,
2024/1/23 8:53:25.124,2.7,78.766,41.258,,
2024/1/23 8:52:10.584,1.9,78.791,41.246,,
2024/1/23 8:48:41.95,2.2,78.84,41.385,,
2024/1/23 8:46:32.083,2.6,78.657,41.106,,
2024/1/23 8:45:35.113,2.4,78.661,41.076,,
2024/1/23 8:42:42.258,2.8,78.775,41.261,,
2024/1/23 8:39:40.148,3,78.65,41.152,,
2024/1/23 8:38:6.628,2.6,78.748,41.166,,
2024/1/23 8:34:45.989,3,78.655,41.126,,
2024/1/23 8:29:59.296,2.5,78.614,41.085,,
2024/1/23 8:28:36.346,2.2,78.86,41.313,,
2024/1/23 8:26:14.194,2.3,79.001,40.936,,
2024/1/23 8:22:27.582,3.9,78.906,41.262,,
2024/1/23 8:21:35.009,3,78.44,41.233,,
2024/1/23 8:19:14.675,2.3,78.597,41.17,,
2024/1/23 8:16:22.302,2.2,78.459,40.729,,
2024/1/23 8:12:38.402,4.6,78.61,41.101,,
2024/1/23 8:11:41.328,2.6,78.607,41.094,,
2024/1/23 8:6:49.376,3.8,78.588,41.089,,
2024/1/23 8:5:8.144,3.2,78.703,41.073,,
2024/1/23 7:56:19.023,4.6,78.603,41.094,,
2024/1/23 7:55:30.398,4.6,78.594,41.085,,
2024/1/23 7:53:58.141,2.5,78.757,41.35,,
2024/1/23 7:53:16.995,2.7,78.742,41.289,,
2024/1/23 7:51:3.369,4,78.732,41.295,,
2024/1/23 7:48:41.504,3.2,78.686,41.089,,
2024/1/23 7:47:4.608,2.6,78.623,41.078,,
2024/1/23 7:46:15.793,3.1,78.745,41.102,,
2024/1/23 7:43:59.875,3,78.671,41.109,,
2024/1/23 7:41:15.954,2.7,78.651,41.118,,
2024/1/23 7:38:35.22,3.1,78.66,41.059,,
2024/1/23 7:34:44.079,2.4,78.59,41.211,,
2024/1/23 7:32:41.752,3.3,78.749,41.158,,
2024/1/23 7:32:21.917,2.1,78.802,41.337,,
2024/1/23 7:19:17.906,5.4,78.719,41.214,,
2024/1/23 7:18:14.602,2.5,78.545,41.123,,
2024/1/23 7:16:48.815,2.8,78.645,41.124,,
2024/1/23 7:15:40.773,2.4,78.754,41.319,,
2024/1/23 7:13:25.525,3.5,78.646,40.886,,
2024/1/23 7:9:49.711,3,78.892,41.331,,
2024/1/23 7:8:4.545,2.7,78.657,41.137,,
2024/1/23 7:5:25.974,3,78.596,41.183,,
2024/1/23 7:3:24.99,4.5,78.821,41.296,,
2024/1/23 7:2:35.987,2.2,78.657,41.123,,
2024/1/23 6:56:39.187,4.1,78.618,41.101,,
2024/1/23 6:55:17.204,2.8,78.634,41.121,,
2024/1/23 6:54:57.17,2.2,78.523,41.318,,
2024/1/23 6:53:30.168,2.5,78.773,40.855,,
2024/1/23 6:48:11.227,2.5,78.659,41.15,,
2024/1/23 6:46:32.962,2.7,78.758,41.209,,
2024/1/23 6:44:12.145,3.2,78.633,41.177,,
2024/1/23 6:43:56.853,2.7,78.591,41.17,,
2024/1/23 6:42:22.87,2.8,78.598,41.091,,
2024/1/23 6:40:24.911,4,78.661,41.048,,
2024/1/23 6:39:26.182,3.4,78.879,40.681,,
2024/1/23 6:37:14.342,3.2,78.574,41.138,,
2024/1/23 6:36:29.014,3.4,78.808,41.302,,
2024/1/23 6:33:49.684,3.5,78.664,41.113,,
2024/1/23 6:32:45.991,2.7,78.563,41.089,,
2024/1/23 6:31:42.007,3.1,78.653,41.135,,
2024/1/23 6:24:15.295,3.4,78.897,41.222,,
2024/1/23 6:19:58.376,4.4,78.62,41.065,,
2024/1/23 6:14:53.928,2.8,78.832,41.293,,
2024/1/23 6:13:33.021,2.8,78.612,41.138,,
2024/1/23 6:11:52.879,3,78.659,41.172,,
2024/1/23 6:11:0.281,3.4,78.979,41.491,,
2024/1/23 6:8:56.486,3.9,78.748,41.271,,
2024/1/23 6:7:3.724,2.1,78.536,41.175,,
2024/1/23 6:5:16.224,2.2,78.611,41.168,,
2024/1/23 6:4:24.737,2.9,78.696,41.347,,
2024/1/23 6:0:36.406,3.6,78.595,41.076,,
2024/1/23 5:57:23.016,2,78.763,41.232,,
2024/1/23 5:54:43.779,2.9,79.144,41.035,,
2024/1/23 5:50:45.15,3.8,78.748,41.271,,
2024/1/23 5:49:13.353,4.3,78.62,41.109,,
2024/1/23 5:40:53.638,3.9,78.682,41.092,,
2024/1/23 5:38:26.63,4.3,78.826,41.268,,
2024/1/23 5:36:36.526,2.5,78.784,41.354,,
2024/1/23 5:32:46.193,2.9,78.761,41.103,,
2024/1/23 5:30:6.98,3,78.509,41.169,,
2024/1/23 5:29:38.173,3.1,78.662,41.146,,
2024/1/23 5:25:40.542,3.5,78.646,41.082,,
2024/1/23 5:23:46.263,2.9,78.632,40.999,,
2024/1/23 5:21:2.534,3.6,78.611,41.105,,
2024/1/23 5:19:21.179,3,78.723,41.02,,
2024/1/23 5:16:33.944,4.6,78.597,41.116,,
2024/1/23 5:12:40.587,3.6,78.539,41.135,,
2024/1/23 5:9:22.607,2.8,78.613,41.147,,
2024/1/23 5:7:36.454,2.6,78.564,40.843,,
2024/1/23 5:3:19.589,2.8,78.629,41.177,,
2024/1/23 5:0:45.107,2.8,78.68,41.167,,
2024/1/23 4:51:32.861,3.3,78.687,41.08,,
2024/1/23 4:47:46.908,3,78.753,41.185,,
2024/1/23 4:46:41.426,2.6,78.597,41.182,,
2024/1/23 4:43:35.262,3.6,78.709,40.895,,
2024/1/23 4:41:2.907,3.2,78.71,41.1,,
2024/1/23 4:32:7.355,2.9,78.532,40.973,,
2024/1/23 4:30:48.538,3.1,78.617,41.055,,
2024/1/23 4:29:25.802,5,78.703,41.103,,
2024/1/23 4:27:14.385,3.2,78.533,41.048,,
2024/1/23 4:25:15.872,3.9,78.619,41.145,,
2024/1/23 4:21:39.312,3.4,78.622,41.093,,
2024/1/23 4:18:52.009,3.7,78.638,41.081,,
2024/1/23 4:17:31.505,3.2,78.649,41.152,,
2024/1/23 4:16:8.979,2.3,79.094,40.798,,
2024/1/23 4:14:18.155,3.6,78.656,41.158,,
2024/1/23 4:13:34.992,2.9,78.802,41.291,,
2024/1/23 4:12:32.083,2.4,78.589,41.119,,
2024/1/23 4:10:47.044,3.3,78.614,41.104,,
2024/1/23 4:8:46.778,3.9,78.658,41.095,,
2024/1/23 4:7:21.335,3.5,78.671,41.189,,
2024/1/23 4:2:55.236,3.4,78.577,41.073,,
2024/1/23 3:59:52.86,3.9,78.642,41.091,,
2024/1/23 3:58:47.089,3.3,78.538,41.074,,
2024/1/23 3:56:42.632,3.5,78.703,40.881,,
2024/1/23 3:55:46.466,3.3,78.231,40.855,,
2024/1/23 3:55:4.691,3.4,78.643,41.204,,
2024/1/23 3:54:38.611,2.4,78.817,41.181,,
2024/1/23 3:51:44.529,3.5,78.6,41.263,,
2024/1/23 3:49:47.299,3.3,78.638,41.173,,
2024/1/23 3:45:32.012,3.1,78.702,41.274,,
2024/1/23 3:43:59.806,2.9,78.617,41.194,,
2024/1/23 3:42:27.414,3.5,78.711,41.242,,
2024/1/23 3:40:35.011,4.2,78.619,41.1,,
2024/1/23 3:36:37.135,5.5,78.655,41.108,,
2024/1/23 3:30:32.869,3.9,78.833,41.222,,
2024/1/23 3:28:18.153,3.1,78.618,41.275,,
2024/1/23 3:24:32.266,2.9,78.616,41.06,,
2024/1/23 3:22:24.755,3.7,78.739,41.253,,
2024/1/23 3:22:0.149,3.4,78.548,41.173,,
2024/1/23 3:21:10.386,3.8,78.6,41.078,,
2024/1/23 3:20:18.478,4.4,78.717,41.276,,
2024/1/23 3:18:31.826,3.2,78.7,41.239,,
2024/1/23 3:17:9.064,3.8,78.978,40.873,,
2024/1/23 3:16:44.983,3.2,78.634,41.096,,
2024/1/23 3:14:1.1,4,78.661,41.104,,
2024/1/23 3:8:51.867,3.3,78.831,41.231,,
2024/1/23 3:6:27.155,3.2,78.077,41.001,,
2024/1/23 3:1:20.284,3.2,78.621,41.144,,
2024/1/23 3:0:7.379,3.9,78.881,41.37,,
2024/1/23 2:58:45.296,3.4,78.57,41.19,,
2024/1/23 2:50:43.091,5,78.749,41.273,,
2024/1/23 2:49:28.848,3.9,78.793,41.238,,
2024/1/23 2:48:59.603,3.5,78.822,41.219,,
2024/1/23 2:48:12.024,3.3,78.832,41.301,,
2024/1/23 2:46:45.456,4.2,78.59,41.077,,
2024/1/23 2:45:51.915,3.6,78.837,41.195,,
2024/1/23 2:42:33.045,5.5,78.758,41.286,,
2024/1/23 2:36:32.223,4.5,78.898,41.298,,
2024/1/23 2:32:40.273,4.9,78.525,41.036,,
2024/1/23 2:30:7.617,4.2,78.598,41.114,,
2024/1/23 2:29:21.482,4.5,78.682,41.081,,
2024/1/23 2:27:21.562,4.6,78.645,41.14,,
2024/1/23 2:22:33.228,3.5,78.711,41.188,,
2024/1/23 2:21:51.009,3.4,78.611,41.063,,
2024/1/23 2:20:6.994,3.5,79,40.968,,
2024/1/23 2:17:6.74,4.3,78.567,41.161,,
2024/1/23 2:16:24.167,4.2,78.146,41.18,,
2024/1/23 2:14:13.31,5.4,78.63,41.184,,
2024/1/23 2:9:3.706,7.2,78.621,41.274,,
